Target_Name,Final_Sequence,Final_Sequence_Length,Protein_Fluorescence,Sequence_Length,BsaI_5_Prime,BsaI_3_Prime,Primer_5_Prime,Primer_3_Prime
"""apFAB75--JBEI_RBS""",GTAAAACGACGGCCAGTGGTCTCTgtacTTGACATTTATCCCTTGCGGCGATATAATGTGTGGATAAGTGAAAGATCTTTTAAGAAGGAGATATAggtgTGAGACCCAGGAAACAGCTATGAC,123,793.897319360785,69,GGTCTCTgtac,ggtgTGAGACC,GTAAAACGACGGCCAGT,CAGGAAACAGCTATGAC
"""apFAB114--BBa_J61131""",GTAAAACGACGGCCAGTGGTCTCTgtacTCGACATCAGGAAAATTTTTCTGATACTTACAGCCATGCGGATCTAGAGAAAGAACCGAATTACggtgTGAGACCCAGGAAACAGCTATGAC,120,893.007332682008,66,GGTCTCTgtac,ggtgTGAGACC,GTAAAACGACGGCCAGT,CAGGAAACAGCTATGAC
"""BBa_J23115--BBa_J61129""",GTAAAACGACGGCCAGTGGTCTCTgtacTTTATAGCTAGCTCAGCCCTTGGTACAATGCTAGCGCCTGTCTAGAGAAAGATTGGACGTACggtgTGAGACCCAGGAAACAGCTATGAC,118,903.35131903504,64,GGTCTCTgtac,ggtgTGAGACC,GTAAAACGACGGCCAGT,CAGGAAACAGCTATGAC
"""apFAB300--DeadRBS""",GTAAAACGACGGCCAGTGGTCTCTgtacTTGCCGCTTAATCATCCGGCTCGTATAATGTGTGGATCTTCCACCATACAggtgTGAGACCCAGGAAACAGCTATGAC,106,955.612941105542,52,GGTCTCTgtac,ggtgTGAGACC,GTAAAACGACGGCCAGT,CAGGAAACAGCTATGAC
"""apFAB114--B0032_RBS""",GTAAAACGACGGCCAGTGGTCTCTgtacTCGACATCAGGAAAATTTTTCTGATACTTACAGCCATGCGGATCACACAGGAAAGGCCggtgTGAGACCCAGGAAACAGCTATGAC,114,964.528486975507,60,GGTCTCTgtac,ggtgTGAGACC,GTAAAACGACGGCCAGT,CAGGAAACAGCTATGAC
"""apFAB114--DeadRBS""",GTAAAACGACGGCCAGTGGTCTCTgtacTCGACATCAGGAAAATTTTTCTGATACTTACAGCCATGCGGACACCATACAggtgTGAGACCCAGGAAACAGCTATGAC,107,982.45099947715,53,GGTCTCTgtac,ggtgTGAGACC,GTAAAACGACGGCCAGT,CAGGAAACAGCTATGAC
"""apFAB312--DeadRBS""",GTAAAACGACGGCCAGTGGTCTCTgtacTTGACAATTAATCATCCGGCTCTTAGTGTTTGTGGAGCATTCACCATACAggtgTGAGACCCAGGAAACAGCTATGAC,106,1001.91234275816,52,GGTCTCTgtac,ggtgTGAGACC,GTAAAACGACGGCCAGT,CAGGAAACAGCTATGAC
"""apFAB72--BBa_J61109""",GTAAAACGACGGCCAGTGGTCTCTgtacTTGACATCGCATCTTTTTGTACCCATAATTATTTCATGCGTCTCTAGAGAAAGACTGGAGACACggtgTGAGACCCAGGAAACAGCTATGAC,120,1006.83037951139,66,GGTCTCTgtac,ggtgTGAGACC,GTAAAACGACGGCCAGT,CAGGAAACAGCTATGAC
"""BBa_J23107--DeadRBS""",GTAAAACGACGGCCAGTGGTCTCTgtacTTTACGGCTAGCTCAGCCCTAGGTATTATGCTAGCATGGACACCATACAggtgTGAGACCCAGGAAACAGCTATGAC,105,1018.35992783911,51,GGTCTCTgtac,ggtgTGAGACC,GTAAAACGACGGCCAGT,CAGGAAACAGCTATGAC
"""BBa_J23106--apFAB871""",GTAAAACGACGGCCAGTGGTCTCTgtacTTTACGGCTAGCTCAGTCCTAGGTATAGTGCTAGCGATAGATCTTAATCTAGCGCGGGACAGTTTggtgTGAGACCCAGGAAACAGCTATGAC,121,1023.59150935614,67,GGTCTCTgtac,ggtgTGAGACC,GTAAAACGACGGCCAGT,CAGGAAACAGCTATGAC
"""apFAB114--apFAB876""",GTAAAACGACGGCCAGTGGTCTCTgtacTCGACATCAGGAAAATTTTTCTGATACTTACAGCCATGCGGAATCTTAATCTAGCTAGGGATATTTTggtgTGAGACCCAGGAAACAGCTATGAC,123,1039.78800785665,69,GGTCTCTgtac,ggtgTGAGACC,GTAAAACGACGGCCAGT,CAGGAAACAGCTATGAC
"""BBa_J23115--salis-1-10""",GTAAAACGACGGCCAGTGGTCTCTgtacTTTATAGCTAGCTCAGCCCTTGGTACAATGCTAGCGCCTGAATCTCATAGATCAAATATAGGGGGGATggtgTGAGACCCAGGAAACAGCTATGAC,124,1042.0077183717,70,GGTCTCTgtac,ggtgTGAGACC,GTAAAACGACGGCCAGT,CAGGAAACAGCTATGAC
"""apFAB259--apFAB820""",GTAAAACGACGGCCAGTGGTCTCTgtacTTCACACTTAATCATCCGGCTCGTATAATGTGTGGACCGCAATCTTAATCTAGCTGCGGAGGGTTTggtgTGAGACCCAGGAAACAGCTATGAC,122,1048.52474128022,68,GGTCTCTgtac,ggtgTGAGACC,GTAAAACGACGGCCAGT,CAGGAAACAGCTATGAC
"""BBa_J23117--BBa_J61110""",GTAAAACGACGGCCAGTGGTCTCTgtacTTGACAGCTAGCTCAGTCCTAGGGATTGTGCTAGCCAATCTCTAGAGAAAGAGGCGAATTACggtgTGAGACCCAGGAAACAGCTATGAC,118,1053.55396945905,64,GGTCTCTgtac,ggtgTGAGACC,GTAAAACGACGGCCAGT,CAGGAAACAGCTATGAC
"""apFAB124--BBa_J61107""",GTAAAACGACGGCCAGTGGTCTCTgtacTCGACATTTATCCCTTGCGGCGAATACTTACAGCCATAGCAATCTAGAGAAAGAAGAGACTCACggtgTGAGACCCAGGAAACAGCTATGAC,120,1059.19918937443,66,GGTCTCTgtac,ggtgTGAGACC,GTAAAACGACGGCCAGT,CAGGAAACAGCTATGAC
"""apFAB109--BBa_J61109""",GTAAAACGACGGCCAGTGGTCTCTgtacTCGACAATTAATCATCCGGCTCGATACTTACAGCCATCGATTTCTAGAGAAAGACTGGAGACACggtgTGAGACCCAGGAAACAGCTATGAC,120,1059.73414399674,66,GGTCTCTgtac,ggtgTGAGACC,GTAAAACGACGGCCAGT,CAGGAAACAGCTATGAC
"""BBa_J23117--salis-4-7""",GTAAAACGACGGCCAGTGGTCTCTgtacTTGACAGCTAGCTCAGTCCTAGGGATTGTGCTAGCCAATCAATCTCATATATCAAATATAAGCAGGATggtgTGAGACCCAGGAAACAGCTATGAC,124,1060.52616920653,70,GGTCTCTgtac,ggtgTGAGACC,GTAAAACGACGGCCAGT,CAGGAAACAGCTATGAC
"""BBa_J23117--BBa_J61130""",GTAAAACGACGGCCAGTGGTCTCTgtacTTGACAGCTAGCTCAGTCCTAGGGATTGTGCTAGCCAATCTCTAGAGAAAGAAACGACATACggtgTGAGACCCAGGAAACAGCTATGAC,118,1060.66641507215,64,GGTCTCTgtac,ggtgTGAGACC,GTAAAACGACGGCCAGT,CAGGAAACAGCTATGAC
"""BBa_J23114--BBa_J61134""",GTAAAACGACGGCCAGTGGTCTCTgtacTTTATGGCTAGCTCAGTCCTAGGTACAATGCTAGCCATACTCTAGAGAAAGACCGGAAATACggtgTGAGACCCAGGAAACAGCTATGAC,118,1063.56110281591,64,GGTCTCTgtac,ggtgTGAGACC,GTAAAACGACGGCCAGT,CAGGAAACAGCTATGAC
"""apFAB109--apFAB895""",GTAAAACGACGGCCAGTGGTCTCTgtacTCGACAATTAATCATCCGGCTCGATACTTACAGCCATCGATTATCTTAATCTAGCTAGGGACCTTTTggtgTGAGACCCAGGAAACAGCTATGAC,123,1077.06431386361,69,GGTCTCTgtac,ggtgTGAGACC,GTAAAACGACGGCCAGT,CAGGAAACAGCTATGAC
"""BBa_J23103--BBa_J61113""",GTAAAACGACGGCCAGTGGTCTCTgtacCTGATAGCTAGCTCAGTCCTAGGGATTATGCTAGCAGATGTCTAGAGAAAGAGTGGAAAAACggtgTGAGACCCAGGAAACAGCTATGAC,118,1081.39141384917,64,GGTCTCTgtac,ggtgTGAGACC,GTAAAACGACGGCCAGT,CAGGAAACAGCTATGAC
"""apFAB124--apFAB845""",GTAAAACGACGGCCAGTGGTCTCTgtacTCGACATTTATCCCTTGCGGCGAATACTTACAGCCATAGCAAATCTTAATCTAGCCGGGGAGACTTTggtgTGAGACCCAGGAAACAGCTATGAC,123,1089.13338048917,69,GGTCTCTgtac,ggtgTGAGACC,GTAAAACGACGGCCAGT,CAGGAAACAGCTATGAC
"""apFAB109--BBa_J61125""",GTAAAACGACGGCCAGTGGTCTCTgtacTCGACAATTAATCATCCGGCTCGATACTTACAGCCATCGATTTCTAGAGAAAGAGCCGAGTTACggtgTGAGACCCAGGAAACAGCTATGAC,120,1091.31606344884,66,GGTCTCTgtac,ggtgTGAGACC,GTAAAACGACGGCCAGT,CAGGAAACAGCTATGAC
"""BBa_J23108--apFAB873""",GTAAAACGACGGCCAGTGGTCTCTgtacCTGACAGCTAGCTCAGTCCTAGGTATAATGCTAGCCACCGATCTTAATCTAGCCCAGGAACGTTTggtgTGAGACCCAGGAAACAGCTATGAC,121,1091.60829802103,67,GGTCTCTgtac,ggtgTGAGACC,GTAAAACGACGGCCAGT,CAGGAAACAGCTATGAC
"""BBa_J23106--BBa_J61130""",GTAAAACGACGGCCAGTGGTCTCTgtacTTTACGGCTAGCTCAGTCCTAGGTATAGTGCTAGCGATAGTCTAGAGAAAGAAACGACATACggtgTGAGACCCAGGAAACAGCTATGAC,118,1092.13161517096,64,GGTCTCTgtac,ggtgTGAGACC,GTAAAACGACGGCCAGT,CAGGAAACAGCTATGAC
"""BBa_J23108--salis-3-11""",GTAAAACGACGGCCAGTGGTCTCTgtacCTGACAGCTAGCTCAGTCCTAGGTATAATGCTAGCCACCGAATCTCATATCTCAAATATAAGCCGGATggtgTGAGACCCAGGAAACAGCTATGAC,124,1092.75074263397,70,GGTCTCTgtac,ggtgTGAGACC,GTAAAACGACGGCCAGT,CAGGAAACAGCTATGAC
"""BBa_J23108--BBa_J61118""",GTAAAACGACGGCCAGTGGTCTCTgtacCTGACAGCTAGCTCAGTCCTAGGTATAATGCTAGCCACCGTCTAGAGAAAGAGACGAATCACggtgTGAGACCCAGGAAACAGCTATGAC,118,1099.25802348043,64,GGTCTCTgtac,ggtgTGAGACC,GTAAAACGACGGCCAGT,CAGGAAACAGCTATGAC
"""apFAB124--apFAB867""",GTAAAACGACGGCCAGTGGTCTCTgtacTCGACATTTATCCCTTGCGGCGAATACTTACAGCCATAGCAAATCTTAATCTAGCCCGGGAAGGTTTggtgTGAGACCCAGGAAACAGCTATGAC,123,1110.39466985944,69,GGTCTCTgtac,ggtgTGAGACC,GTAAAACGACGGCCAGT,CAGGAAACAGCTATGAC
"""BBa_J23116--apFAB854""",GTAAAACGACGGCCAGTGGTCTCTgtacTTGACAGCTAGCTCAGTCCTAGGGACTATGCTAGCAGGATATCTTAATCTAGCTAGGGAGCATTTggtgTGAGACCCAGGAAACAGCTATGAC,121,1116.54619787741,67,GGTCTCTgtac,ggtgTGAGACC,GTAAAACGACGGCCAGT,CAGGAAACAGCTATGAC
"""BBa_J23108--BBa_J61112""",GTAAAACGACGGCCAGTGGTCTCTgtacCTGACAGCTAGCTCAGTCCTAGGTATAATGCTAGCCACCGTCTAGAGAAAGAGGTGACATACggtgTGAGACCCAGGAAACAGCTATGAC,118,1117.49211353104,64,GGTCTCTgtac,ggtgTGAGACC,GTAAAACGACGGCCAGT,CAGGAAACAGCTATGAC
"""BBa_J23105--apFAB843""",GTAAAACGACGGCCAGTGGTCTCTgtacTTTACGGCTAGCTCAGTCCTAGGTACTATGCTAGCAAGGTATCTTAATCTAGCTTTGGAGTCTTTggtgTGAGACCCAGGAAACAGCTATGAC,121,1123.12443703148,67,GGTCTCTgtac,ggtgTGAGACC,GTAAAACGACGGCCAGT,CAGGAAACAGCTATGAC
"""apFAB114--BBa_J61104""",GTAAAACGACGGCCAGTGGTCTCTgtacTCGACATCAGGAAAATTTTTCTGATACTTACAGCCATGCGGATCTAGAGAAAGAAGGGACAGACggtgTGAGACCCAGGAAACAGCTATGAC,120,1123.57881717242,66,GGTCTCTgtac,ggtgTGAGACC,GTAAAACGACGGCCAGT,CAGGAAACAGCTATGAC
"""apFAB109--apFAB833""",GTAAAACGACGGCCAGTGGTCTCTgtacTCGACAATTAATCATCCGGCTCGATACTTACAGCCATCGATTATCTTAATCTAGCTGGGGAGATTTTggtgTGAGACCCAGGAAACAGCTATGAC,123,1128.54831329689,69,GGTCTCTgtac,ggtgTGAGACC,GTAAAACGACGGCCAGT,CAGGAAACAGCTATGAC
"""apFAB72--BBa_J61111""",GTAAAACGACGGCCAGTGGTCTCTgtacTTGACATCGCATCTTTTTGTACCCATAATTATTTCATGCGTCTCTAGAGAAAGAGGCGATACACggtgTGAGACCCAGGAAACAGCTATGAC,120,1132.29803726007,66,GGTCTCTgtac,ggtgTGAGACC,GTAAAACGACGGCCAGT,CAGGAAACAGCTATGAC
"""apFAB67--DeadRBS""",GTAAAACGACGGCCAGTGGTCTCTgtacTTGACATCAGGAAAATTTTTCTGCATAATTATTTCATATCACCACCATACAggtgTGAGACCCAGGAAACAGCTATGAC,107,1135.88777142506,53,GGTCTCTgtac,ggtgTGAGACC,GTAAAACGACGGCCAGT,CAGGAAACAGCTATGAC
"""BBa_J23103--salis-2-3""",GTAAAACGACGGCCAGTGGTCTCTgtacCTGATAGCTAGCTCAGTCCTAGGGATTATGCTAGCAGATGAATCTCATATATCAAATATAAGGCGGATggtgTGAGACCCAGGAAACAGCTATGAC,124,1143.29999855603,70,GGTCTCTgtac,ggtgTGAGACC,GTAAAACGACGGCCAGT,CAGGAAACAGCTATGAC
"""BBa_J23103--apFAB869""",GTAAAACGACGGCCAGTGGTCTCTgtacCTGATAGCTAGCTCAGTCCTAGGGATTATGCTAGCAGATGATCTTAATCTAGCAGTGGAACCTTTggtgTGAGACCCAGGAAACAGCTATGAC,121,1151.53026874184,67,GGTCTCTgtac,ggtgTGAGACC,GTAAAACGACGGCCAGT,CAGGAAACAGCTATGAC
"""apFAB306--apFAB843""",GTAAAACGACGGCCAGTGGTCTCTgtacTTGACAATTAATCATCCGGCTCGTAGTGTTTGTGGATGTTGATCTTAATCTAGCTTTGGAGTCTTTggtgTGAGACCCAGGAAACAGCTATGAC,122,1158.3897033917,68,GGTCTCTgtac,ggtgTGAGACC,GTAAAACGACGGCCAGT,CAGGAAACAGCTATGAC
"""apFAB109--apFAB876""",GTAAAACGACGGCCAGTGGTCTCTgtacTCGACAATTAATCATCCGGCTCGATACTTACAGCCATCGATTATCTTAATCTAGCTAGGGATATTTTggtgTGAGACCCAGGAAACAGCTATGAC,123,1160.82065200506,69,GGTCTCTgtac,ggtgTGAGACC,GTAAAACGACGGCCAGT,CAGGAAACAGCTATGAC
"""BBa_J23103--BBa_J61139""",GTAAAACGACGGCCAGTGGTCTCTgtacCTGATAGCTAGCTCAGTCCTAGGGATTATGCTAGCAGATGTCTAGAGAAAGATTAGAGTCACggtgTGAGACCCAGGAAACAGCTATGAC,118,1164.82802617776,64,GGTCTCTgtac,ggtgTGAGACC,GTAAAACGACGGCCAGT,CAGGAAACAGCTATGAC
"""apFAB109--Anderson_RBS""",GTAAAACGACGGCCAGTGGTCTCTgtacTCGACAATTAATCATCCGGCTCGATACTTACAGCCATCGATTTCTAGAGAAAGAGGGGACAAACTggtgTGAGACCCAGGAAACAGCTATGAC,121,1169.07891430843,67,GGTCTCTgtac,ggtgTGAGACC,GTAAAACGACGGCCAGT,CAGGAAACAGCTATGAC
"""apFAB109--apFAB914""",GTAAAACGACGGCCAGTGGTCTCTgtacTCGACAATTAATCATCCGGCTCGATACTTACAGCCATCGATTATCTTAATCTAGCGGCGGATCTTTTggtgTGAGACCCAGGAAACAGCTATGAC,123,1171.00760568335,69,GGTCTCTgtac,ggtgTGAGACC,GTAAAACGACGGCCAGT,CAGGAAACAGCTATGAC
"""BBa_J23114--BBa_J61126""",GTAAAACGACGGCCAGTGGTCTCTgtacTTTATGGCTAGCTCAGTCCTAGGTACAATGCTAGCCATACTCTAGAGAAAGAGGTGACTCACggtgTGAGACCCAGGAAACAGCTATGAC,118,1172.79882366369,64,GGTCTCTgtac,ggtgTGAGACC,GTAAAACGACGGCCAGT,CAGGAAACAGCTATGAC
"""apFAB259--DeadRBS""",GTAAAACGACGGCCAGTGGTCTCTgtacTTCACACTTAATCATCCGGCTCGTATAATGTGTGGACCGCACACCATACAggtgTGAGACCCAGGAAACAGCTATGAC,106,1179.15250650247,52,GGTCTCTgtac,ggtgTGAGACC,GTAAAACGACGGCCAGT,CAGGAAACAGCTATGAC
"""apFAB259--BBa_J61115""",GTAAAACGACGGCCAGTGGTCTCTgtacTTCACACTTAATCATCCGGCTCGTATAATGTGTGGACCGCATCTAGAGAAAGAAGGGATACACggtgTGAGACCCAGGAAACAGCTATGAC,119,1180.78167242761,65,GGTCTCTgtac,ggtgTGAGACC,GTAAAACGACGGCCAGT,CAGGAAACAGCTATGAC
"""BBa_J23105--BBa_J61120""",GTAAAACGACGGCCAGTGGTCTCTgtacTTTACGGCTAGCTCAGTCCTAGGTACTATGCTAGCAAGGTTCTAGAGAAAGACGCGAGAAACggtgTGAGACCCAGGAAACAGCTATGAC,118,1187.08655230997,64,GGTCTCTgtac,ggtgTGAGACC,GTAAAACGACGGCCAGT,CAGGAAACAGCTATGAC
"""apFAB300--apFAB872""",GTAAAACGACGGCCAGTGGTCTCTgtacTTGCCGCTTAATCATCCGGCTCGTATAATGTGTGGATCTTCATCTTAATCTAGCCCGGGATAATTTggtgTGAGACCCAGGAAACAGCTATGAC,122,1190.37234702688,68,GGTCTCTgtac,ggtgTGAGACC,GTAAAACGACGGCCAGT,CAGGAAACAGCTATGAC
"""apFAB109--apFAB923""",GTAAAACGACGGCCAGTGGTCTCTgtacTCGACAATTAATCATCCGGCTCGATACTTACAGCCATCGATTATCTTAATCTAGCGTGGGAGAGTTTggtgTGAGACCCAGGAAACAGCTATGAC,123,1209.87497757282,69,GGTCTCTgtac,ggtgTGAGACC,GTAAAACGACGGCCAGT,CAGGAAACAGCTATGAC
"""apFAB312--BBa_J61131""",GTAAAACGACGGCCAGTGGTCTCTgtacTTGACAATTAATCATCCGGCTCTTAGTGTTTGTGGAGCATTTCTAGAGAAAGAACCGAATTACggtgTGAGACCCAGGAAACAGCTATGAC,119,1215.45241972976,65,GGTCTCTgtac,ggtgTGAGACC,GTAAAACGACGGCCAGT,CAGGAAACAGCTATGAC
"""BBa_J23115--apFAB964""",GTAAAACGACGGCCAGTGGTCTCTgtacTTTATAGCTAGCTCAGCCCTTGGTACAATGCTAGCGCCTGATCTTAATCTAGCCTGGGATCGTTTggtgTGAGACCCAGGAAACAGCTATGAC,121,1217.30828281465,67,GGTCTCTgtac,ggtgTGAGACC,GTAAAACGACGGCCAGT,CAGGAAACAGCTATGAC
"""BBa_J23103--apFAB865""",GTAAAACGACGGCCAGTGGTCTCTgtacCTGATAGCTAGCTCAGTCCTAGGGATTATGCTAGCAGATGATCTTAATCTAGCGCGGGAGTATTTggtgTGAGACCCAGGAAACAGCTATGAC,121,1224.67491909998,67,GGTCTCTgtac,ggtgTGAGACC,GTAAAACGACGGCCAGT,CAGGAAACAGCTATGAC
"""apFAB311--BBa_J61125""",GTAAAACGACGGCCAGTGGTCTCTgtacTTGACAATTAATCATCCGGCTCGTAGGTTGTGTGGACGGCTTCTAGAGAAAGAGCCGAGTTACggtgTGAGACCCAGGAAACAGCTATGAC,119,1231.90576184091,65,GGTCTCTgtac,ggtgTGAGACC,GTAAAACGACGGCCAGT,CAGGAAACAGCTATGAC
"""apFAB124--apFAB890""",GTAAAACGACGGCCAGTGGTCTCTgtacTCGACATTTATCCCTTGCGGCGAATACTTACAGCCATAGCAAATCTTAATCTAGCCCGGGATCTTTTggtgTGAGACCCAGGAAACAGCTATGAC,123,1235.95751494485,69,GGTCTCTgtac,ggtgTGAGACC,GTAAAACGACGGCCAGT,CAGGAAACAGCTATGAC
"""apFAB300--apFAB854""",GTAAAACGACGGCCAGTGGTCTCTgtacTTGCCGCTTAATCATCCGGCTCGTATAATGTGTGGATCTTCATCTTAATCTAGCTAGGGAGCATTTggtgTGAGACCCAGGAAACAGCTATGAC,122,1246.17880886294,68,GGTCTCTgtac,ggtgTGAGACC,GTAAAACGACGGCCAGT,CAGGAAACAGCTATGAC
"""apFAB259--apFAB903""",GTAAAACGACGGCCAGTGGTCTCTgtacTTCACACTTAATCATCCGGCTCGTATAATGTGTGGACCGCAATCTTAATCTAGCCCAGGAAGATTTggtgTGAGACCCAGGAAACAGCTATGAC,122,1251.83635346279,68,GGTCTCTgtac,ggtgTGAGACC,GTAAAACGACGGCCAGT,CAGGAAACAGCTATGAC
"""BBa_J23103--apFAB917""",GTAAAACGACGGCCAGTGGTCTCTgtacCTGATAGCTAGCTCAGTCCTAGGGATTATGCTAGCAGATGATCTTAATCTAGCGGAGGAGACTTTggtgTGAGACCCAGGAAACAGCTATGAC,121,1260.21116264978,67,GGTCTCTgtac,ggtgTGAGACC,GTAAAACGACGGCCAGT,CAGGAAACAGCTATGAC
"""apFAB150--DeadRBS""",GTAAAACGACGGCCAGTGGTCTCTgtacCACGGTGTTAGACATTTATCCCTTGCGGCGATATAATGTGTGGATCCATACACCATACAggtgTGAGACCCAGGAAACAGCTATGAC,115,1261.52364909708,61,GGTCTCTgtac,ggtgTGAGACC,GTAAAACGACGGCCAGT,CAGGAAACAGCTATGAC
"""apFAB109--Bujard_RBS""",GTAAAACGACGGCCAGTGGTCTCTgtacTCGACAATTAATCATCCGGCTCGATACTTACAGCCATCGATTGAATTCATTAAAGAGGAGAAAGGTggtgTGAGACCCAGGAAACAGCTATGAC,122,1263.61212063835,68,GGTCTCTgtac,ggtgTGAGACC,GTAAAACGACGGCCAGT,CAGGAAACAGCTATGAC
"""BBa_J23116--BBa_J61126""",GTAAAACGACGGCCAGTGGTCTCTgtacTTGACAGCTAGCTCAGTCCTAGGGACTATGCTAGCAGGATTCTAGAGAAAGAGGTGACTCACggtgTGAGACCCAGGAAACAGCTATGAC,118,1273.0457750806,64,GGTCTCTgtac,ggtgTGAGACC,GTAAAACGACGGCCAGT,CAGGAAACAGCTATGAC
"""BBa_J23116--apFAB826""",GTAAAACGACGGCCAGTGGTCTCTgtacTTGACAGCTAGCTCAGTCCTAGGGACTATGCTAGCAGGATATCTTAATCTAGCGACGGAGCGTTTggtgTGAGACCCAGGAAACAGCTATGAC,121,1274.55006146505,67,GGTCTCTgtac,ggtgTGAGACC,GTAAAACGACGGCCAGT,CAGGAAACAGCTATGAC
"""BBa_J23115--apFAB826""",GTAAAACGACGGCCAGTGGTCTCTgtacTTTATAGCTAGCTCAGCCCTTGGTACAATGCTAGCGCCTGATCTTAATCTAGCGACGGAGCGTTTggtgTGAGACCCAGGAAACAGCTATGAC,121,1276.05975035038,67,GGTCTCTgtac,ggtgTGAGACC,GTAAAACGACGGCCAGT,CAGGAAACAGCTATGAC
"""BBa_J23115--apFAB892""",GTAAAACGACGGCCAGTGGTCTCTgtacTTTATAGCTAGCTCAGCCCTTGGTACAATGCTAGCGCCTGATCTTAATCTAGCCTGGGAGTGTTTggtgTGAGACCCAGGAAACAGCTATGAC,121,1276.69028349662,67,GGTCTCTgtac,ggtgTGAGACC,GTAAAACGACGGCCAGT,CAGGAAACAGCTATGAC
"""apFAB124--Alon_RBS""",GTAAAACGACGGCCAGTGGTCTCTgtacTCGACATTTATCCCTTGCGGCGAATACTTACAGCCATAGCAACCTCTAGATTTAAGAAGGAGATATAggtgTGAGACCCAGGAAACAGCTATGAC,123,1284.65457197601,69,GGTCTCTgtac,ggtgTGAGACC,GTAAAACGACGGCCAGT,CAGGAAACAGCTATGAC
"""apFAB300--BBa_J61120""",GTAAAACGACGGCCAGTGGTCTCTgtacTTGCCGCTTAATCATCCGGCTCGTATAATGTGTGGATCTTCTCTAGAGAAAGACGCGAGAAACggtgTGAGACCCAGGAAACAGCTATGAC,119,1293.16793020249,65,GGTCTCTgtac,ggtgTGAGACC,GTAAAACGACGGCCAGT,CAGGAAACAGCTATGAC
"""apFAB342--apFAB964""",GTAAAACGACGGCCAGTGGTCTCTgtacTTGACAATTAATCATCCGGCTCATAAAATTTGTGGAGGCGAATCTTAATCTAGCCTGGGATCGTTTggtgTGAGACCCAGGAAACAGCTATGAC,122,1293.81642404333,68,GGTCTCTgtac,ggtgTGAGACC,GTAAAACGACGGCCAGT,CAGGAAACAGCTATGAC
"""apFAB259--BBa_J61130""",GTAAAACGACGGCCAGTGGTCTCTgtacTTCACACTTAATCATCCGGCTCGTATAATGTGTGGACCGCATCTAGAGAAAGAAACGACATACggtgTGAGACCCAGGAAACAGCTATGAC,119,1298.73436150181,65,GGTCTCTgtac,ggtgTGAGACC,GTAAAACGACGGCCAGT,CAGGAAACAGCTATGAC
"""apFAB311--apFAB927""",GTAAAACGACGGCCAGTGGTCTCTgtacTTGACAATTAATCATCCGGCTCGTAGGTTGTGTGGACGGCTATCTTAATCTAGCTGGGGACTGTTTggtgTGAGACCCAGGAAACAGCTATGAC,122,1304.81656078295,68,GGTCTCTgtac,ggtgTGAGACC,GTAAAACGACGGCCAGT,CAGGAAACAGCTATGAC
"""apFAB40--DeadRBS""",GTAAAACGACGGCCAGTGGTCTCTgtacAAAAAGAGTATTGACTTCAGGAAAATTTTTCTGTATAATGTGTGGATGTTCACACCATACAggtgTGAGACCCAGGAAACAGCTATGAC,117,1309.462890452,63,GGTCTCTgtac,ggtgTGAGACC,GTAAAACGACGGCCAGT,CAGGAAACAGCTATGAC
"""apFAB114--Invitrogen_RBS""",GTAAAACGACGGCCAGTGGTCTCTgtacTCGACATCAGGAAAATTTTTCTGATACTTACAGCCATGCGGAAAAATTAAGAGGTATATAggtgTGAGACCCAGGAAACAGCTATGAC,116,1313.02692597633,62,GGTCTCTgtac,ggtgTGAGACC,GTAAAACGACGGCCAGT,CAGGAAACAGCTATGAC
"""apFAB76--apFAB872""",GTAAAACGACGGCCAGTGGTCTCTgtacTTGACATTTATCCCTTGCGGCGATATAATAGATTCATTCCGGATCTTAATCTAGCCCGGGATAATTTggtgTGAGACCCAGGAAACAGCTATGAC,123,1315.08369238076,69,GGTCTCTgtac,ggtgTGAGACC,GTAAAACGACGGCCAGT,CAGGAAACAGCTATGAC
"""BBa_J23114--apFAB865""",GTAAAACGACGGCCAGTGGTCTCTgtacTTTATGGCTAGCTCAGTCCTAGGTACAATGCTAGCCATACATCTTAATCTAGCGCGGGAGTATTTggtgTGAGACCCAGGAAACAGCTATGAC,121,1322.75138557164,67,GGTCTCTgtac,ggtgTGAGACC,GTAAAACGACGGCCAGT,CAGGAAACAGCTATGAC
"""apFAB114--apFAB916""",GTAAAACGACGGCCAGTGGTCTCTgtacTCGACATCAGGAAAATTTTTCTGATACTTACAGCCATGCGGAATCTTAATCTAGCATTGGAGGGTTTggtgTGAGACCCAGGAAACAGCTATGAC,123,1329.36911611427,69,GGTCTCTgtac,ggtgTGAGACC,GTAAAACGACGGCCAGT,CAGGAAACAGCTATGAC
"""apFAB259--BBa_J61110""",GTAAAACGACGGCCAGTGGTCTCTgtacTTCACACTTAATCATCCGGCTCGTATAATGTGTGGACCGCATCTAGAGAAAGAGGCGAATTACggtgTGAGACCCAGGAAACAGCTATGAC,119,1334.35493204197,65,GGTCTCTgtac,ggtgTGAGACC,GTAAAACGACGGCCAGT,CAGGAAACAGCTATGAC
"""apFAB311--BBa_J61111""",GTAAAACGACGGCCAGTGGTCTCTgtacTTGACAATTAATCATCCGGCTCGTAGGTTGTGTGGACGGCTTCTAGAGAAAGAGGCGATACACggtgTGAGACCCAGGAAACAGCTATGAC,119,1355.41605125867,65,GGTCTCTgtac,ggtgTGAGACC,GTAAAACGACGGCCAGT,CAGGAAACAGCTATGAC
"""BBa_J23105--BBa_J61127""",GTAAAACGACGGCCAGTGGTCTCTgtacTTTACGGCTAGCTCAGTCCTAGGTACTATGCTAGCAAGGTTCTAGAGAAAGAGTGGAACTACggtgTGAGACCCAGGAAACAGCTATGAC,118,1355.76008145918,64,GGTCTCTgtac,ggtgTGAGACC,GTAAAACGACGGCCAGT,CAGGAAACAGCTATGAC
"""apFAB277--apFAB869""",GTAAAACGACGGCCAGTGGTCTCTgtacTTCCCTATTAATCATCCGGCTCGTATAATGTGTGGAATTTAATCTTAATCTAGCAGTGGAACCTTTggtgTGAGACCCAGGAAACAGCTATGAC,122,1362.73922920873,68,GGTCTCTgtac,ggtgTGAGACC,GTAAAACGACGGCCAGT,CAGGAAACAGCTATGAC
"""apFAB63--BBa_J61139""",GTAAAACGACGGCCAGTGGTCTCTgtacTTGACAATTAATCATCCGGCTCGTAGATTTAACGTATAAAGCTCTAGAGAAAGATTAGAGTCACggtgTGAGACCCAGGAAACAGCTATGAC,120,1364.74096512648,66,GGTCTCTgtac,ggtgTGAGACC,GTAAAACGACGGCCAGT,CAGGAAACAGCTATGAC
"""apFAB311--apFAB843""",GTAAAACGACGGCCAGTGGTCTCTgtacTTGACAATTAATCATCCGGCTCGTAGGTTGTGTGGACGGCTATCTTAATCTAGCTTTGGAGTCTTTggtgTGAGACCCAGGAAACAGCTATGAC,122,1366.511967451,68,GGTCTCTgtac,ggtgTGAGACC,GTAAAACGACGGCCAGT,CAGGAAACAGCTATGAC
"""BBa_J23106--apFAB843""",GTAAAACGACGGCCAGTGGTCTCTgtacTTTACGGCTAGCTCAGTCCTAGGTATAGTGCTAGCGATAGATCTTAATCTAGCTTTGGAGTCTTTggtgTGAGACCCAGGAAACAGCTATGAC,121,1379.10882286897,67,GGTCTCTgtac,ggtgTGAGACC,GTAAAACGACGGCCAGT,CAGGAAACAGCTATGAC
"""BBa_J23107--BBa_J61124""",GTAAAACGACGGCCAGTGGTCTCTgtacTTTACGGCTAGCTCAGCCCTAGGTATTATGCTAGCATGGATCTAGAGAAAGAGCCGACATACggtgTGAGACCCAGGAAACAGCTATGAC,118,1420.69190212571,64,GGTCTCTgtac,ggtgTGAGACC,GTAAAACGACGGCCAGT,CAGGAAACAGCTATGAC
"""apFAB311--BBa_J61130""",GTAAAACGACGGCCAGTGGTCTCTgtacTTGACAATTAATCATCCGGCTCGTAGGTTGTGTGGACGGCTTCTAGAGAAAGAAACGACATACggtgTGAGACCCAGGAAACAGCTATGAC,119,1428.27394965033,65,GGTCTCTgtac,ggtgTGAGACC,GTAAAACGACGGCCAGT,CAGGAAACAGCTATGAC
"""BBa_J23108--apFAB860""",GTAAAACGACGGCCAGTGGTCTCTgtacCTGACAGCTAGCTCAGTCCTAGGTATAATGCTAGCCACCGATCTTAATCTAGCCGTGGAGGGTTTggtgTGAGACCCAGGAAACAGCTATGAC,121,1463.73111287611,67,GGTCTCTgtac,ggtgTGAGACC,GTAAAACGACGGCCAGT,CAGGAAACAGCTATGAC
"""BBa_J23117--B0030_RBS""",GTAAAACGACGGCCAGTGGTCTCTgtacTTGACAGCTAGCTCAGTCCTAGGGATTGTGCTAGCCAATCATTAAAGAGGAGAAATTAggtgTGAGACCCAGGAAACAGCTATGAC,114,1480.56341899346,60,GGTCTCTgtac,ggtgTGAGACC,GTAAAACGACGGCCAGT,CAGGAAACAGCTATGAC
"""apFAB78--apFAB964""",GTAAAACGACGGCCAGTGGTCTCTgtacTTGACATTTATCCCTTGCGGCGATAGATTTAACGTATGACGGATCTTAATCTAGCCTGGGATCGTTTggtgTGAGACCCAGGAAACAGCTATGAC,123,1489.43293148056,69,GGTCTCTgtac,ggtgTGAGACC,GTAAAACGACGGCCAGT,CAGGAAACAGCTATGAC
"""apFAB62--DeadRBS""",GTAAAACGACGGCCAGTGGTCTCTgtacTTGACAATTAATCATCCGGCTCGCATAATTATTTCATTTCAGCACCATACAggtgTGAGACCCAGGAAACAGCTATGAC,107,1540.38206602735,53,GGTCTCTgtac,ggtgTGAGACC,GTAAAACGACGGCCAGT,CAGGAAACAGCTATGAC
"""apFAB149--Invitrogen_RBS""",GTAAAACGACGGCCAGTGGTCTCTgtacCACGGTGTTAGACATTTATCCCTTGCGGCGAATACTTACAGCCATGTGAAAAAATTAAGAGGTATATAggtgTGAGACCCAGGAAACAGCTATGAC,124,1559.28121552597,70,GGTCTCTgtac,ggtgTGAGACC,GTAAAACGACGGCCAGT,CAGGAAACAGCTATGAC
"""BBa_J23116--BBa_J61111""",GTAAAACGACGGCCAGTGGTCTCTgtacTTGACAGCTAGCTCAGTCCTAGGGACTATGCTAGCAGGATTCTAGAGAAAGAGGCGATACACggtgTGAGACCCAGGAAACAGCTATGAC,118,1594.35470774766,64,GGTCTCTgtac,ggtgTGAGACC,GTAAAACGACGGCCAGT,CAGGAAACAGCTATGAC
"""BBa_J23108--apFAB820""",GTAAAACGACGGCCAGTGGTCTCTgtacCTGACAGCTAGCTCAGTCCTAGGTATAATGCTAGCCACCGATCTTAATCTAGCTGCGGAGGGTTTggtgTGAGACCCAGGAAACAGCTATGAC,121,1600.59658831745,67,GGTCTCTgtac,ggtgTGAGACC,GTAAAACGACGGCCAGT,CAGGAAACAGCTATGAC
"""apFAB338--apFAB918""",GTAAAACGACGGCCAGTGGTCTCTgtacTTGACAATTAATCATCCGGCTCCTAGGATGTGTGGAGGGACATCTTAATCTAGCTAGGGAACGTTTggtgTGAGACCCAGGAAACAGCTATGAC,122,1609.12152671297,68,GGTCTCTgtac,ggtgTGAGACC,GTAAAACGACGGCCAGT,CAGGAAACAGCTATGAC
"""apFAB55--apFAB871""",GTAAAACGACGGCCAGTGGTCTCTgtacTTGACATAAAGTCTAACCTATAGGTATAATGTGTGGATCTGGCATCTTAATCTAGCGCGGGACAGTTTggtgTGAGACCCAGGAAACAGCTATGAC,124,1671.72403316588,70,GGTCTCTgtac,ggtgTGAGACC,GTAAAACGACGGCCAGT,CAGGAAACAGCTATGAC
"""apFAB312--apFAB872""",GTAAAACGACGGCCAGTGGTCTCTgtacTTGACAATTAATCATCCGGCTCTTAGTGTTTGTGGAGCATTATCTTAATCTAGCCCGGGATAATTTggtgTGAGACCCAGGAAACAGCTATGAC,122,1686.68705784484,68,GGTCTCTgtac,ggtgTGAGACC,GTAAAACGACGGCCAGT,CAGGAAACAGCTATGAC
"""apFAB312--BBa_J61103""",GTAAAACGACGGCCAGTGGTCTCTgtacTTGACAATTAATCATCCGGCTCTTAGTGTTTGTGGAGCATTTCTAGAGAAAGATTAGACAAACggtgTGAGACCCAGGAAACAGCTATGAC,119,1754.74451801797,65,GGTCTCTgtac,ggtgTGAGACC,GTAAAACGACGGCCAGT,CAGGAAACAGCTATGAC
"""apFAB300--apFAB860""",GTAAAACGACGGCCAGTGGTCTCTgtacTTGCCGCTTAATCATCCGGCTCGTATAATGTGTGGATCTTCATCTTAATCTAGCCGTGGAGGGTTTggtgTGAGACCCAGGAAACAGCTATGAC,122,1759.2699584043,68,GGTCTCTgtac,ggtgTGAGACC,GTAAAACGACGGCCAGT,CAGGAAACAGCTATGAC
"""BBa_J23107--apFAB922""",GTAAAACGACGGCCAGTGGTCTCTgtacTTTACGGCTAGCTCAGCCCTAGGTATTATGCTAGCATGGAATCTTAATCTAGCACGGGACGGTTTggtgTGAGACCCAGGAAACAGCTATGAC,121,1759.95170572244,67,GGTCTCTgtac,ggtgTGAGACC,GTAAAACGACGGCCAGT,CAGGAAACAGCTATGAC
"""BBa_J23106--apFAB918""",GTAAAACGACGGCCAGTGGTCTCTgtacTTTACGGCTAGCTCAGTCCTAGGTATAGTGCTAGCGATAGATCTTAATCTAGCTAGGGAACGTTTggtgTGAGACCCAGGAAACAGCTATGAC,121,1760.83129473169,67,GGTCTCTgtac,ggtgTGAGACC,GTAAAACGACGGCCAGT,CAGGAAACAGCTATGAC
"""apFAB339--BBa_J61131""",GTAAAACGACGGCCAGTGGTCTCTgtacTTGACAATTAATCATCCGGCTCGTAATTTATGTGGATAGGATCTAGAGAAAGAACCGAATTACggtgTGAGACCCAGGAAACAGCTATGAC,119,1800.75745808693,65,GGTCTCTgtac,ggtgTGAGACC,GTAAAACGACGGCCAGT,CAGGAAACAGCTATGAC
"""apFAB277--BBa_J61101""",GTAAAACGACGGCCAGTGGTCTCTgtacTTCCCTATTAATCATCCGGCTCGTATAATGTGTGGAATTTATCTAGAGAAAGACAGGACCCACggtgTGAGACCCAGGAAACAGCTATGAC,119,1808.40936196056,65,GGTCTCTgtac,ggtgTGAGACC,GTAAAACGACGGCCAGT,CAGGAAACAGCTATGAC
"""BBa_J23116--apFAB845""",GTAAAACGACGGCCAGTGGTCTCTgtacTTGACAGCTAGCTCAGTCCTAGGGACTATGCTAGCAGGATATCTTAATCTAGCCGGGGAGACTTTggtgTGAGACCCAGGAAACAGCTATGAC,121,1849.60392978687,67,GGTCTCTgtac,ggtgTGAGACC,GTAAAACGACGGCCAGT,CAGGAAACAGCTATGAC
"""apFAB58--apFAB843""",GTAAAACGACGGCCAGTGGTCTCTgtacTTGACATAAAGTCTAACCTATAGGTAGATTTAACGTATTCTGAATCTTAATCTAGCTTTGGAGTCTTTggtgTGAGACCCAGGAAACAGCTATGAC,124,1866.00218775456,70,GGTCTCTgtac,ggtgTGAGACC,GTAAAACGACGGCCAGT,CAGGAAACAGCTATGAC
"""apFAB56--apFAB873""",GTAAAACGACGGCCAGTGGTCTCTgtacTTGACATAAAGTCTAACCTATAGGTATAATAGATTCATAGTGAATCTTAATCTAGCCCAGGAACGTTTggtgTGAGACCCAGGAAACAGCTATGAC,124,1893.36889769166,70,GGTCTCTgtac,ggtgTGAGACC,GTAAAACGACGGCCAGT,CAGGAAACAGCTATGAC
"""apFAB306--apFAB869""",GTAAAACGACGGCCAGTGGTCTCTgtacTTGACAATTAATCATCCGGCTCGTAGTGTTTGTGGATGTTGATCTTAATCTAGCAGTGGAACCTTTggtgTGAGACCCAGGAAACAGCTATGAC,122,1895.98105335193,68,GGTCTCTgtac,ggtgTGAGACC,GTAAAACGACGGCCAGT,CAGGAAACAGCTATGAC
"""apFAB317--BBa_J61125""",GTAAAACGACGGCCAGTGGTCTCTgtacTTGATATTTAATCATCCGGCTCGTATAATGTGTGGAGCACCTCTAGAGAAAGAGCCGAGTTACggtgTGAGACCCAGGAAACAGCTATGAC,119,1931.76258612401,65,GGTCTCTgtac,ggtgTGAGACC,GTAAAACGACGGCCAGT,CAGGAAACAGCTATGAC
"""apFAB338--BBa_J61131""",GTAAAACGACGGCCAGTGGTCTCTgtacTTGACAATTAATCATCCGGCTCCTAGGATGTGTGGAGGGACTCTAGAGAAAGAACCGAATTACggtgTGAGACCCAGGAAACAGCTATGAC,119,1981.41576548478,65,GGTCTCTgtac,ggtgTGAGACC,GTAAAACGACGGCCAGT,CAGGAAACAGCTATGAC
"""BBa_J23106--BBa_J61129""",GTAAAACGACGGCCAGTGGTCTCTgtacTTTACGGCTAGCTCAGTCCTAGGTATAGTGCTAGCGATAGTCTAGAGAAAGATTGGACGTACggtgTGAGACCCAGGAAACAGCTATGAC,118,2012.64584822472,64,GGTCTCTgtac,ggtgTGAGACC,GTAAAACGACGGCCAGT,CAGGAAACAGCTATGAC
"""apFAB277--BBa_J61119""",GTAAAACGACGGCCAGTGGTCTCTgtacTTCCCTATTAATCATCCGGCTCGTATAATGTGTGGAATTTATCTAGAGAAAGATTTGATATACggtgTGAGACCCAGGAAACAGCTATGAC,119,2020.40754978436,65,GGTCTCTgtac,ggtgTGAGACC,GTAAAACGACGGCCAGT,CAGGAAACAGCTATGAC
"""BBa_J23106--BBa_J61126""",GTAAAACGACGGCCAGTGGTCTCTgtacTTTACGGCTAGCTCAGTCCTAGGTATAGTGCTAGCGATAGTCTAGAGAAAGAGGTGACTCACggtgTGAGACCCAGGAAACAGCTATGAC,118,2091.83332531751,64,GGTCTCTgtac,ggtgTGAGACC,GTAAAACGACGGCCAGT,CAGGAAACAGCTATGAC
"""apFAB78--BBa_J61124""",GTAAAACGACGGCCAGTGGTCTCTgtacTTGACATTTATCCCTTGCGGCGATAGATTTAACGTATGACGGTCTAGAGAAAGAGCCGACATACggtgTGAGACCCAGGAAACAGCTATGAC,120,2097.88303839645,66,GGTCTCTgtac,ggtgTGAGACC,GTAAAACGACGGCCAGT,CAGGAAACAGCTATGAC
"""apFAB312--BBa_J61120""",GTAAAACGACGGCCAGTGGTCTCTgtacTTGACAATTAATCATCCGGCTCTTAGTGTTTGTGGAGCATTTCTAGAGAAAGACGCGAGAAACggtgTGAGACCCAGGAAACAGCTATGAC,119,2152.02557202763,65,GGTCTCTgtac,ggtgTGAGACC,GTAAAACGACGGCCAGT,CAGGAAACAGCTATGAC
"""apFAB78--apFAB843""",GTAAAACGACGGCCAGTGGTCTCTgtacTTGACATTTATCCCTTGCGGCGATAGATTTAACGTATGACGGATCTTAATCTAGCTTTGGAGTCTTTggtgTGAGACCCAGGAAACAGCTATGAC,123,2344.82356201764,69,GGTCTCTgtac,ggtgTGAGACC,GTAAAACGACGGCCAGT,CAGGAAACAGCTATGAC
"""apFAB104--apFAB868""",GTAAAACGACGGCCAGTGGTCTCTgtacTCGACATAAAGTCTAACCTATAGGATACTTACAGCCATAGCTTATCTTAATCTAGCGACGGAGTCTTTggtgTGAGACCCAGGAAACAGCTATGAC,124,2355.17844062896,70,GGTCTCTgtac,ggtgTGAGACC,GTAAAACGACGGCCAGT,CAGGAAACAGCTATGAC
"""BBa_J23106--apFAB927""",GTAAAACGACGGCCAGTGGTCTCTgtacTTTACGGCTAGCTCAGTCCTAGGTATAGTGCTAGCGATAGATCTTAATCTAGCTGGGGACTGTTTggtgTGAGACCCAGGAAACAGCTATGAC,121,2375.80636048922,67,GGTCTCTgtac,ggtgTGAGACC,GTAAAACGACGGCCAGT,CAGGAAACAGCTATGAC
"""apFAB73--BBa_J61101""",GTAAAACGACGGCCAGTGGTCTCTgtacTTGACATCGCATCTTTTTGTACCTAGATTTAACGTATTCGGCTCTAGAGAAAGACAGGACCCACggtgTGAGACCCAGGAAACAGCTATGAC,120,2516.89967904665,66,GGTCTCTgtac,ggtgTGAGACC,GTAAAACGACGGCCAGT,CAGGAAACAGCTATGAC
"""apFAB346--BBa_J61107""",GTAAAACGACGGCCAGTGGTCTCTgtacTTGACAATTAATCATCCGGCTCGTAATGTTTGTGGATAGCTTCTAGAGAAAGAAGAGACTCACggtgTGAGACCCAGGAAACAGCTATGAC,119,2585.25549664209,65,GGTCTCTgtac,ggtgTGAGACC,GTAAAACGACGGCCAGT,CAGGAAACAGCTATGAC
"""apFAB125--BBa_J61133""",GTAAAACGACGGCCAGTGGTCTCTgtacTCGACATTTATCCCTTGCGGCGATATAATGTGTGGATAATCCTCTAGAGAAAGACCCGAGACACggtgTGAGACCCAGGAAACAGCTATGAC,120,2617.4532962951,66,GGTCTCTgtac,ggtgTGAGACC,GTAAAACGACGGCCAGT,CAGGAAACAGCTATGAC
"""apFAB104--BBa_J61126""",GTAAAACGACGGCCAGTGGTCTCTgtacTCGACATAAAGTCTAACCTATAGGATACTTACAGCCATAGCTTTCTAGAGAAAGAGGTGACTCACggtgTGAGACCCAGGAAACAGCTATGAC,121,2658.68783479484,67,GGTCTCTgtac,ggtgTGAGACC,GTAAAACGACGGCCAGT,CAGGAAACAGCTATGAC
"""apFAB130--GSG_RBS""",GTAAAACGACGGCCAGTGGTCTCTgtacCACGGTGTTAGACATAAAGTCTAACCTATAGGTATAATGTGTGGATCCGTGTAAGGAGGTGACggtgTGAGACCCAGGAAACAGCTATGAC,119,2687.57336799306,65,GGTCTCTgtac,ggtgTGAGACC,GTAAAACGACGGCCAGT,CAGGAAACAGCTATGAC
"""apFAB58--BBa_J61131""",GTAAAACGACGGCCAGTGGTCTCTgtacTTGACATAAAGTCTAACCTATAGGTAGATTTAACGTATTCTGATCTAGAGAAAGAACCGAATTACggtgTGAGACCCAGGAAACAGCTATGAC,121,2823.12599927318,67,GGTCTCTgtac,ggtgTGAGACC,GTAAAACGACGGCCAGT,CAGGAAACAGCTATGAC
"""apFAB311--apFAB876""",GTAAAACGACGGCCAGTGGTCTCTgtacTTGACAATTAATCATCCGGCTCGTAGGTTGTGTGGACGGCTATCTTAATCTAGCTAGGGATATTTTggtgTGAGACCCAGGAAACAGCTATGAC,122,2835.10319383896,68,GGTCTCTgtac,ggtgTGAGACC,GTAAAACGACGGCCAGT,CAGGAAACAGCTATGAC
"""apFAB76--apFAB867""",GTAAAACGACGGCCAGTGGTCTCTgtacTTGACATTTATCCCTTGCGGCGATATAATAGATTCATTCCGGATCTTAATCTAGCCCGGGAAGGTTTggtgTGAGACCCAGGAAACAGCTATGAC,123,2860.38462917177,69,GGTCTCTgtac,ggtgTGAGACC,GTAAAACGACGGCCAGT,CAGGAAACAGCTATGAC
"""BBa_J23106--apFAB883""",GTAAAACGACGGCCAGTGGTCTCTgtacTTTACGGCTAGCTCAGTCCTAGGTATAGTGCTAGCGATAGATCTTAATCTAGCGTAGGACTCTTTggtgTGAGACCCAGGAAACAGCTATGAC,121,2869.55373416035,67,GGTCTCTgtac,ggtgTGAGACC,GTAAAACGACGGCCAGT,CAGGAAACAGCTATGAC
"""BBa_J23116--apFAB837""",GTAAAACGACGGCCAGTGGTCTCTgtacTTGACAGCTAGCTCAGTCCTAGGGACTATGCTAGCAGGATATCTTAATCTAGCAGGGGATATTTTggtgTGAGACCCAGGAAACAGCTATGAC,121,2923.29148184085,67,GGTCTCTgtac,ggtgTGAGACC,GTAAAACGACGGCCAGT,CAGGAAACAGCTATGAC
"""BBa_J23119--JBEI_RBS""",GTAAAACGACGGCCAGTGGTCTCTgtacTTGACAGCTAGCTCAGTCCTAGGTATAATGCTAGCACGAAAAAGATCTTTTAAGAAGGAGATATAggtgTGAGACCCAGGAAACAGCTATGAC,121,3010.39629955018,67,GGTCTCTgtac,ggtgTGAGACC,GTAAAACGACGGCCAGT,CAGGAAACAGCTATGAC
"""apFAB76--apFAB864""",GTAAAACGACGGCCAGTGGTCTCTgtacTTGACATTTATCCCTTGCGGCGATATAATAGATTCATTCCGGATCTTAATCTAGCCCGGGAGCATTTggtgTGAGACCCAGGAAACAGCTATGAC,123,3077.87475950806,69,GGTCTCTgtac,ggtgTGAGACC,GTAAAACGACGGCCAGT,CAGGAAACAGCTATGAC
"""apFAB346--apFAB918""",GTAAAACGACGGCCAGTGGTCTCTgtacTTGACAATTAATCATCCGGCTCGTAATGTTTGTGGATAGCTATCTTAATCTAGCTAGGGAACGTTTggtgTGAGACCCAGGAAACAGCTATGAC,122,3086.6244573097,68,GGTCTCTgtac,ggtgTGAGACC,GTAAAACGACGGCCAGT,CAGGAAACAGCTATGAC
"""BBa_J23102--BBa_J61103""",GTAAAACGACGGCCAGTGGTCTCTgtacTTGACAGCTAGCTCAGTCCTAGGTACTGTGCTAGCAACCTTCTAGAGAAAGATTAGACAAACggtgTGAGACCCAGGAAACAGCTATGAC,118,3091.32475155629,64,GGTCTCTgtac,ggtgTGAGACC,GTAAAACGACGGCCAGT,CAGGAAACAGCTATGAC
"""BBa_J23108--apFAB923""",GTAAAACGACGGCCAGTGGTCTCTgtacCTGACAGCTAGCTCAGTCCTAGGTATAATGCTAGCCACCGATCTTAATCTAGCGTGGGAGAGTTTggtgTGAGACCCAGGAAACAGCTATGAC,121,3159.78182553976,67,GGTCTCTgtac,ggtgTGAGACC,GTAAAACGACGGCCAGT,CAGGAAACAGCTATGAC
"""BBa_J23102--BBa_J61118""",GTAAAACGACGGCCAGTGGTCTCTgtacTTGACAGCTAGCTCAGTCCTAGGTACTGTGCTAGCAACCTTCTAGAGAAAGAGACGAATCACggtgTGAGACCCAGGAAACAGCTATGAC,118,3285.03977208948,64,GGTCTCTgtac,ggtgTGAGACC,GTAAAACGACGGCCAGT,CAGGAAACAGCTATGAC
"""apFAB104--apFAB844""",GTAAAACGACGGCCAGTGGTCTCTgtacTCGACATAAAGTCTAACCTATAGGATACTTACAGCCATAGCTTATCTTAATCTAGCAGGGGACACTTTggtgTGAGACCCAGGAAACAGCTATGAC,124,3376.71182949204,70,GGTCTCTgtac,ggtgTGAGACC,GTAAAACGACGGCCAGT,CAGGAAACAGCTATGAC
"""BBa_J23102--BBa_J61125""",GTAAAACGACGGCCAGTGGTCTCTgtacTTGACAGCTAGCTCAGTCCTAGGTACTGTGCTAGCAACCTTCTAGAGAAAGAGCCGAGTTACggtgTGAGACCCAGGAAACAGCTATGAC,118,3634.36531800415,64,GGTCTCTgtac,ggtgTGAGACC,GTAAAACGACGGCCAGT,CAGGAAACAGCTATGAC
"""apFAB58--apFAB864""",GTAAAACGACGGCCAGTGGTCTCTgtacTTGACATAAAGTCTAACCTATAGGTAGATTTAACGTATTCTGAATCTTAATCTAGCCCGGGAGCATTTggtgTGAGACCCAGGAAACAGCTATGAC,124,3681.57407992197,70,GGTCTCTgtac,ggtgTGAGACC,GTAAAACGACGGCCAGT,CAGGAAACAGCTATGAC
"""apFAB311--BBa_J61108""",GTAAAACGACGGCCAGTGGTCTCTgtacTTGACAATTAATCATCCGGCTCGTAGGTTGTGTGGACGGCTTCTAGAGAAAGACGAGATATACggtgTGAGACCCAGGAAACAGCTATGAC,119,3710.90929648943,65,GGTCTCTgtac,ggtgTGAGACC,GTAAAACGACGGCCAGT,CAGGAAACAGCTATGAC
"""apFAB323--BBa_J61128""",GTAAAACGACGGCCAGTGGTCTCTgtacTTGTATTTTAATCATCCGGCTCGTATAATGTGTGGAATCCATCTAGAGAAAGATAGGACTCACggtgTGAGACCCAGGAAACAGCTATGAC,119,3769.64046909982,65,GGTCTCTgtac,ggtgTGAGACC,GTAAAACGACGGCCAGT,CAGGAAACAGCTATGAC
"""apFAB312--apFAB854""",GTAAAACGACGGCCAGTGGTCTCTgtacTTGACAATTAATCATCCGGCTCTTAGTGTTTGTGGAGCATTATCTTAATCTAGCTAGGGAGCATTTggtgTGAGACCCAGGAAACAGCTATGAC,122,4006.03870165096,68,GGTCTCTgtac,ggtgTGAGACC,GTAAAACGACGGCCAGT,CAGGAAACAGCTATGAC
"""apFAB125--apFAB868""",GTAAAACGACGGCCAGTGGTCTCTgtacTCGACATTTATCCCTTGCGGCGATATAATGTGTGGATAATCCATCTTAATCTAGCGACGGAGTCTTTggtgTGAGACCCAGGAAACAGCTATGAC,123,4032.08394690526,69,GGTCTCTgtac,ggtgTGAGACC,GTAAAACGACGGCCAGT,CAGGAAACAGCTATGAC
"""BBa_J23102--BBa_J61128""",GTAAAACGACGGCCAGTGGTCTCTgtacTTGACAGCTAGCTCAGTCCTAGGTACTGTGCTAGCAACCTTCTAGAGAAAGATAGGACTCACggtgTGAGACCCAGGAAACAGCTATGAC,118,4239.04547948301,64,GGTCTCTgtac,ggtgTGAGACC,GTAAAACGACGGCCAGT,CAGGAAACAGCTATGAC
"""apFAB57--BBa_J61128""",GTAAAACGACGGCCAGTGGTCTCTgtacTTGACATAAAGTCTAACCTATAGGCATAATTATTTCATCCGACTCTAGAGAAAGATAGGACTCACggtgTGAGACCCAGGAAACAGCTATGAC,121,4422.28800027738,67,GGTCTCTgtac,ggtgTGAGACC,GTAAAACGACGGCCAGT,CAGGAAACAGCTATGAC
"""apFAB277--apFAB883""",GTAAAACGACGGCCAGTGGTCTCTgtacTTCCCTATTAATCATCCGGCTCGTATAATGTGTGGAATTTAATCTTAATCTAGCGTAGGACTCTTTggtgTGAGACCCAGGAAACAGCTATGAC,122,4560.93063564099,68,GGTCTCTgtac,ggtgTGAGACC,GTAAAACGACGGCCAGT,CAGGAAACAGCTATGAC
"""apFAB40--GSG_RBS""",GTAAAACGACGGCCAGTGGTCTCTgtacAAAAAGAGTATTGACTTCAGGAAAATTTTTCTGTATAATGTGTGGATGTTCATAAGGAGGTGACggtgTGAGACCCAGGAAACAGCTATGAC,120,4578.21713139288,66,GGTCTCTgtac,ggtgTGAGACC,GTAAAACGACGGCCAGT,CAGGAAACAGCTATGAC
"""apFAB63--BBa_J61129""",GTAAAACGACGGCCAGTGGTCTCTgtacTTGACAATTAATCATCCGGCTCGTAGATTTAACGTATAAAGCTCTAGAGAAAGATTGGACGTACggtgTGAGACCCAGGAAACAGCTATGAC,120,4689.11495792417,66,GGTCTCTgtac,ggtgTGAGACC,GTAAAACGACGGCCAGT,CAGGAAACAGCTATGAC
"""BBa_J23115--apFAB848""",GTAAAACGACGGCCAGTGGTCTCTgtacTTTATAGCTAGCTCAGCCCTTGGTACAATGCTAGCGCCTGATCTTAATCTAGCATAGGAGGTTTTggtgTGAGACCCAGGAAACAGCTATGAC,121,4793.74242041579,67,GGTCTCTgtac,ggtgTGAGACC,GTAAAACGACGGCCAGT,CAGGAAACAGCTATGAC
"""apFAB346--BBa_J61120""",GTAAAACGACGGCCAGTGGTCTCTgtacTTGACAATTAATCATCCGGCTCGTAATGTTTGTGGATAGCTTCTAGAGAAAGACGCGAGAAACggtgTGAGACCCAGGAAACAGCTATGAC,119,5157.78500702362,65,GGTCTCTgtac,ggtgTGAGACC,GTAAAACGACGGCCAGT,CAGGAAACAGCTATGAC
"""apFAB64--BBa_J61118""",GTAAAACGACGGCCAGTGGTCTCTgtacTTGACATCAGGAAAATTTTTCTGATACTTACAGCCATACCTATCTAGAGAAAGAGACGAATCACggtgTGAGACCCAGGAAACAGCTATGAC,120,5259.27752784124,66,GGTCTCTgtac,ggtgTGAGACC,GTAAAACGACGGCCAGT,CAGGAAACAGCTATGAC
"""apFAB323--BBa_J61139""",GTAAAACGACGGCCAGTGGTCTCTgtacTTGTATTTTAATCATCCGGCTCGTATAATGTGTGGAATCCATCTAGAGAAAGATTAGAGTCACggtgTGAGACCCAGGAAACAGCTATGAC,119,5368.22066725453,65,GGTCTCTgtac,ggtgTGAGACC,GTAAAACGACGGCCAGT,CAGGAAACAGCTATGAC
"""apFAB302--BBa_J61129""",GTAAAACGACGGCCAGTGGTCTCTgtacTTCCCTTTTAATCATCCGGCTCGTATAATGTGTGGAGACTTTCTAGAGAAAGATTGGACGTACggtgTGAGACCCAGGAAACAGCTATGAC,119,5696.23258086635,65,GGTCTCTgtac,ggtgTGAGACC,GTAAAACGACGGCCAGT,CAGGAAACAGCTATGAC
"""apFAB306--BBa_J61126""",GTAAAACGACGGCCAGTGGTCTCTgtacTTGACAATTAATCATCCGGCTCGTAGTGTTTGTGGATGTTGTCTAGAGAAAGAGGTGACTCACggtgTGAGACCCAGGAAACAGCTATGAC,119,5743.47900821133,65,GGTCTCTgtac,ggtgTGAGACC,GTAAAACGACGGCCAGT,CAGGAAACAGCTATGAC
"""J23101--BBa_J61134""",GTAAAACGACGGCCAGTGGTCTCTgtacTTTACAGCTAGCTCAGTCCTAGGTATTATGCTAGCCAGTTTCTAGAGAAAGACCGGAAATACggtgTGAGACCCAGGAAACAGCTATGAC,118,5761.93522673041,64,GGTCTCTgtac,ggtgTGAGACC,GTAAAACGACGGCCAGT,CAGGAAACAGCTATGAC
"""apFAB66--BBa_J61125""",GTAAAACGACGGCCAGTGGTCTCTgtacTTGACATCAGGAAAATTTTTCTGTATAATAGATTCATCTCAATCTAGAGAAAGAGCCGAGTTACggtgTGAGACCCAGGAAACAGCTATGAC,120,5823.17600571515,66,GGTCTCTgtac,ggtgTGAGACC,GTAAAACGACGGCCAGT,CAGGAAACAGCTATGAC
"""apFAB64--BBa_J61134""",GTAAAACGACGGCCAGTGGTCTCTgtacTTGACATCAGGAAAATTTTTCTGATACTTACAGCCATACCTATCTAGAGAAAGACCGGAAATACggtgTGAGACCCAGGAAACAGCTATGAC,120,6039.10572897683,66,GGTCTCTgtac,ggtgTGAGACC,GTAAAACGACGGCCAGT,CAGGAAACAGCTATGAC
"""BBa_J23116--salis-1-10""",GTAAAACGACGGCCAGTGGTCTCTgtacTTGACAGCTAGCTCAGTCCTAGGGACTATGCTAGCAGGATAATCTCATAGATCAAATATAGGGGGGATggtgTGAGACCCAGGAAACAGCTATGAC,124,6178.6813478545,70,GGTCTCTgtac,ggtgTGAGACC,GTAAAACGACGGCCAGT,CAGGAAACAGCTATGAC
"""BBa_J23114--salis-1-3""",GTAAAACGACGGCCAGTGGTCTCTgtacTTTATGGCTAGCTCAGTCCTAGGTACAATGCTAGCCATACAATCTCATAAATCAAATATAGGGAGGATggtgTGAGACCCAGGAAACAGCTATGAC,124,6192.20701305398,70,GGTCTCTgtac,ggtgTGAGACC,GTAAAACGACGGCCAGT,CAGGAAACAGCTATGAC
"""BBa_J23108--apFAB876""",GTAAAACGACGGCCAGTGGTCTCTgtacCTGACAGCTAGCTCAGTCCTAGGTATAATGCTAGCCACCGATCTTAATCTAGCTAGGGATATTTTggtgTGAGACCCAGGAAACAGCTATGAC,121,6308.74603831254,67,GGTCTCTgtac,ggtgTGAGACC,GTAAAACGACGGCCAGT,CAGGAAACAGCTATGAC
"""apFAB55--BBa_J61110""",GTAAAACGACGGCCAGTGGTCTCTgtacTTGACATAAAGTCTAACCTATAGGTATAATGTGTGGATCTGGCTCTAGAGAAAGAGGCGAATTACggtgTGAGACCCAGGAAACAGCTATGAC,121,6423.82529171905,67,GGTCTCTgtac,ggtgTGAGACC,GTAAAACGACGGCCAGT,CAGGAAACAGCTATGAC
"""apFAB73--BBa_J61115""",GTAAAACGACGGCCAGTGGTCTCTgtacTTGACATCGCATCTTTTTGTACCTAGATTTAACGTATTCGGCTCTAGAGAAAGAAGGGATACACggtgTGAGACCCAGGAAACAGCTATGAC,120,6517.69425823038,66,GGTCTCTgtac,ggtgTGAGACC,GTAAAACGACGGCCAGT,CAGGAAACAGCTATGAC
"""BBa_J23106--BBa_J61122""",GTAAAACGACGGCCAGTGGTCTCTgtacTTTACGGCTAGCTCAGTCCTAGGTATAGTGCTAGCGATAGTCTAGAGAAAGAGAGGAGCCACggtgTGAGACCCAGGAAACAGCTATGAC,118,6566.56546686602,64,GGTCTCTgtac,ggtgTGAGACC,GTAAAACGACGGCCAGT,CAGGAAACAGCTATGAC
"""J23101--BBa_J61119""",GTAAAACGACGGCCAGTGGTCTCTgtacTTTACAGCTAGCTCAGTCCTAGGTATTATGCTAGCCAGTTTCTAGAGAAAGATTTGATATACggtgTGAGACCCAGGAAACAGCTATGAC,118,6864.10824368467,64,GGTCTCTgtac,ggtgTGAGACC,GTAAAACGACGGCCAGT,CAGGAAACAGCTATGAC
"""apFAB277--apFAB954""",GTAAAACGACGGCCAGTGGTCTCTgtacTTCCCTATTAATCATCCGGCTCGTATAATGTGTGGAATTTAATCTTAATCTAGCTCAGGACAATTTggtgTGAGACCCAGGAAACAGCTATGAC,122,7234.62693659988,68,GGTCTCTgtac,ggtgTGAGACC,GTAAAACGACGGCCAGT,CAGGAAACAGCTATGAC
"""BBa_J23114--salis-4-2""",GTAAAACGACGGCCAGTGGTCTCTgtacTTTATGGCTAGCTCAGTCCTAGGTACAATGCTAGCCATACAATCTCATTTATCAAATATAAGGAGGATggtgTGAGACCCAGGAAACAGCTATGAC,124,7274.56907360195,70,GGTCTCTgtac,ggtgTGAGACC,GTAAAACGACGGCCAGT,CAGGAAACAGCTATGAC
"""apFAB317--B0032_RBS""",GTAAAACGACGGCCAGTGGTCTCTgtacTTGATATTTAATCATCCGGCTCGTATAATGTGTGGAGCACCTCACACAGGAAAGGCCggtgTGAGACCCAGGAAACAGCTATGAC,113,7342.31833632243,59,GGTCTCTgtac,ggtgTGAGACC,GTAAAACGACGGCCAGT,CAGGAAACAGCTATGAC
"""BBa_J23102--apFAB866""",GTAAAACGACGGCCAGTGGTCTCTgtacTTGACAGCTAGCTCAGTCCTAGGTACTGTGCTAGCAACCTATCTTAATCTAGCGTAGGACCGTTTggtgTGAGACCCAGGAAACAGCTATGAC,121,7349.08336857337,67,GGTCTCTgtac,ggtgTGAGACC,GTAAAACGACGGCCAGT,CAGGAAACAGCTATGAC
"""apFAB306--apFAB867""",GTAAAACGACGGCCAGTGGTCTCTgtacTTGACAATTAATCATCCGGCTCGTAGTGTTTGTGGATGTTGATCTTAATCTAGCCCGGGAAGGTTTggtgTGAGACCCAGGAAACAGCTATGAC,122,7566.38466606859,68,GGTCTCTgtac,ggtgTGAGACC,GTAAAACGACGGCCAGT,CAGGAAACAGCTATGAC
"""apFAB73--apFAB894""",GTAAAACGACGGCCAGTGGTCTCTgtacTTGACATCGCATCTTTTTGTACCTAGATTTAACGTATTCGGCATCTTAATCTAGCGCTGGAGGCTTTggtgTGAGACCCAGGAAACAGCTATGAC,123,7732.49433768388,69,GGTCTCTgtac,ggtgTGAGACC,GTAAAACGACGGCCAGT,CAGGAAACAGCTATGAC
"""BBa_J23106--salis-4-10""",GTAAAACGACGGCCAGTGGTCTCTgtacTTTACGGCTAGCTCAGTCCTAGGTATAGTGCTAGCGATAGAATCTCTTTTATCAAATATAAGCAGGATggtgTGAGACCCAGGAAACAGCTATGAC,124,7953.49340731411,70,GGTCTCTgtac,ggtgTGAGACC,GTAAAACGACGGCCAGT,CAGGAAACAGCTATGAC
"""apFAB345--apFAB890""",GTAAAACGACGGCCAGTGGTCTCTgtacTTGACAATTAATCATCCGGCTCGTAGAGTATGTGGAGTATCATCTTAATCTAGCCCGGGATCTTTTggtgTGAGACCCAGGAAACAGCTATGAC,122,8200.23129092242,68,GGTCTCTgtac,ggtgTGAGACC,GTAAAACGACGGCCAGT,CAGGAAACAGCTATGAC
"""apFAB277--apFAB832""",GTAAAACGACGGCCAGTGGTCTCTgtacTTCCCTATTAATCATCCGGCTCGTATAATGTGTGGAATTTAATCTTAATCTAGCTGGGGAGGCTTTggtgTGAGACCCAGGAAACAGCTATGAC,122,8255.07826695197,68,GGTCTCTgtac,ggtgTGAGACC,GTAAAACGACGGCCAGT,CAGGAAACAGCTATGAC
"""BBa_J23118--apFAB860""",GTAAAACGACGGCCAGTGGTCTCTgtacTTGACGGCTAGCTCAGTCCTAGGTATTGTGCTAGCCGTCGATCTTAATCTAGCCGTGGAGGGTTTggtgTGAGACCCAGGAAACAGCTATGAC,121,8291.40660400458,67,GGTCTCTgtac,ggtgTGAGACC,GTAAAACGACGGCCAGT,CAGGAAACAGCTATGAC
"""BBa_J23100--BBa_J61119""",GTAAAACGACGGCCAGTGGTCTCTgtacTTGACGGCTAGCTCAGTCCTAGGTACAGTGCTAGCTTAATTCTAGAGAAAGATTTGATATACggtgTGAGACCCAGGAAACAGCTATGAC,118,8398.1221076091,64,GGTCTCTgtac,ggtgTGAGACC,GTAAAACGACGGCCAGT,CAGGAAACAGCTATGAC
"""apFAB58--apFAB844""",GTAAAACGACGGCCAGTGGTCTCTgtacTTGACATAAAGTCTAACCTATAGGTAGATTTAACGTATTCTGAATCTTAATCTAGCAGGGGACACTTTggtgTGAGACCCAGGAAACAGCTATGAC,124,8426.9317400536,70,GGTCTCTgtac,ggtgTGAGACC,GTAAAACGACGGCCAGT,CAGGAAACAGCTATGAC
"""BBa_J23105--apFAB876""",GTAAAACGACGGCCAGTGGTCTCTgtacTTTACGGCTAGCTCAGTCCTAGGTACTATGCTAGCAAGGTATCTTAATCTAGCTAGGGATATTTTggtgTGAGACCCAGGAAACAGCTATGAC,121,8768.98537393032,67,GGTCTCTgtac,ggtgTGAGACC,GTAAAACGACGGCCAGT,CAGGAAACAGCTATGAC
"""BBa_J23106--apFAB954""",GTAAAACGACGGCCAGTGGTCTCTgtacTTTACGGCTAGCTCAGTCCTAGGTATAGTGCTAGCGATAGATCTTAATCTAGCTCAGGACAATTTggtgTGAGACCCAGGAAACAGCTATGAC,121,8818.60516378277,67,GGTCTCTgtac,ggtgTGAGACC,GTAAAACGACGGCCAGT,CAGGAAACAGCTATGAC
"""apFAB69--BBa_J61101""",GTAAAACGACGGCCAGTGGTCTCTgtacTTGACATCGCATCTTTTTGTACCATACTTACAGCCATTGTACTCTAGAGAAAGACAGGACCCACggtgTGAGACCCAGGAAACAGCTATGAC,120,8827.02907909901,66,GGTCTCTgtac,ggtgTGAGACC,GTAAAACGACGGCCAGT,CAGGAAACAGCTATGAC
"""apFAB317--BBa_J61128""",GTAAAACGACGGCCAGTGGTCTCTgtacTTGATATTTAATCATCCGGCTCGTATAATGTGTGGAGCACCTCTAGAGAAAGATAGGACTCACggtgTGAGACCCAGGAAACAGCTATGAC,119,9603.98915777297,65,GGTCTCTgtac,ggtgTGAGACC,GTAAAACGACGGCCAGT,CAGGAAACAGCTATGAC
"""apFAB346--BBa_J61128""",GTAAAACGACGGCCAGTGGTCTCTgtacTTGACAATTAATCATCCGGCTCGTAATGTTTGTGGATAGCTTCTAGAGAAAGATAGGACTCACggtgTGAGACCCAGGAAACAGCTATGAC,119,10181.3836571024,65,GGTCTCTgtac,ggtgTGAGACC,GTAAAACGACGGCCAGT,CAGGAAACAGCTATGAC
"""apFAB338--BBa_J61113""",GTAAAACGACGGCCAGTGGTCTCTgtacTTGACAATTAATCATCCGGCTCCTAGGATGTGTGGAGGGACTCTAGAGAAAGAGTGGAAAAACggtgTGAGACCCAGGAAACAGCTATGAC,119,10603.1926123123,65,GGTCTCTgtac,ggtgTGAGACC,GTAAAACGACGGCCAGT,CAGGAAACAGCTATGAC
"""BBa_J23100--apFAB864""",GTAAAACGACGGCCAGTGGTCTCTgtacTTGACGGCTAGCTCAGTCCTAGGTACAGTGCTAGCTTAATATCTTAATCTAGCCCGGGAGCATTTggtgTGAGACCCAGGAAACAGCTATGAC,121,10661.7374066216,67,GGTCTCTgtac,ggtgTGAGACC,GTAAAACGACGGCCAGT,CAGGAAACAGCTATGAC
"""apFAB104--BBa_J61106""",GTAAAACGACGGCCAGTGGTCTCTgtacTCGACATAAAGTCTAACCTATAGGATACTTACAGCCATAGCTTTCTAGAGAAAGATAGGAGACACggtgTGAGACCCAGGAAACAGCTATGAC,121,11013.9357721197,67,GGTCTCTgtac,ggtgTGAGACC,GTAAAACGACGGCCAGT,CAGGAAACAGCTATGAC
"""apFAB318--apFAB922""",GTAAAACGACGGCCAGTGGTCTCTgtacTTGACTATTAATCATCCGGCTCGTATAATGTGTGGATACACATCTTAATCTAGCACGGGACGGTTTggtgTGAGACCCAGGAAACAGCTATGAC,122,11066.2913303154,68,GGTCTCTgtac,ggtgTGAGACC,GTAAAACGACGGCCAGT,CAGGAAACAGCTATGAC
"""apFAB311--apFAB923""",GTAAAACGACGGCCAGTGGTCTCTgtacTTGACAATTAATCATCCGGCTCGTAGGTTGTGTGGACGGCTATCTTAATCTAGCGTGGGAGAGTTTggtgTGAGACCCAGGAAACAGCTATGAC,122,11182.2321633795,68,GGTCTCTgtac,ggtgTGAGACC,GTAAAACGACGGCCAGT,CAGGAAACAGCTATGAC
"""apFAB277--apFAB831""",GTAAAACGACGGCCAGTGGTCTCTgtacTTCCCTATTAATCATCCGGCTCGTATAATGTGTGGAATTTAATCTTAATCTAGCACAGGAGACTTTggtgTGAGACCCAGGAAACAGCTATGAC,122,11212.9460363325,68,GGTCTCTgtac,ggtgTGAGACC,GTAAAACGACGGCCAGT,CAGGAAACAGCTATGAC
"""apFAB69--BBa_J61124""",GTAAAACGACGGCCAGTGGTCTCTgtacTTGACATCGCATCTTTTTGTACCATACTTACAGCCATTGTACTCTAGAGAAAGAGCCGACATACggtgTGAGACCCAGGAAACAGCTATGAC,120,11527.4399834514,66,GGTCTCTgtac,ggtgTGAGACC,GTAAAACGACGGCCAGT,CAGGAAACAGCTATGAC
"""apFAB312--BBa_J61122""",GTAAAACGACGGCCAGTGGTCTCTgtacTTGACAATTAATCATCCGGCTCTTAGTGTTTGTGGAGCATTTCTAGAGAAAGAGAGGAGCCACggtgTGAGACCCAGGAAACAGCTATGAC,119,11580.9036634979,65,GGTCTCTgtac,ggtgTGAGACC,GTAAAACGACGGCCAGT,CAGGAAACAGCTATGAC
"""apFAB58--BBa_J61122""",GTAAAACGACGGCCAGTGGTCTCTgtacTTGACATAAAGTCTAACCTATAGGTAGATTTAACGTATTCTGATCTAGAGAAAGAGAGGAGCCACggtgTGAGACCCAGGAAACAGCTATGAC,121,11643.0503013351,67,GGTCTCTgtac,ggtgTGAGACC,GTAAAACGACGGCCAGT,CAGGAAACAGCTATGAC
"""apFAB76--apFAB868""",GTAAAACGACGGCCAGTGGTCTCTgtacTTGACATTTATCCCTTGCGGCGATATAATAGATTCATTCCGGATCTTAATCTAGCGACGGAGTCTTTggtgTGAGACCCAGGAAACAGCTATGAC,123,11822.2574188797,69,GGTCTCTgtac,ggtgTGAGACC,GTAAAACGACGGCCAGT,CAGGAAACAGCTATGAC
"""apFAB75--BBa_J61125""",GTAAAACGACGGCCAGTGGTCTCTgtacTTGACATTTATCCCTTGCGGCGATATAATGTGTGGATAAGTGTCTAGAGAAAGAGCCGAGTTACggtgTGAGACCCAGGAAACAGCTATGAC,120,11833.5951927113,66,GGTCTCTgtac,ggtgTGAGACC,GTAAAACGACGGCCAGT,CAGGAAACAGCTATGAC
"""apFAB69--apFAB914""",GTAAAACGACGGCCAGTGGTCTCTgtacTTGACATCGCATCTTTTTGTACCATACTTACAGCCATTGTACATCTTAATCTAGCGGCGGATCTTTTggtgTGAGACCCAGGAAACAGCTATGAC,123,11975.5258196279,69,GGTCTCTgtac,ggtgTGAGACC,GTAAAACGACGGCCAGT,CAGGAAACAGCTATGAC
"""apFAB259--apFAB842""",GTAAAACGACGGCCAGTGGTCTCTgtacTTCACACTTAATCATCCGGCTCGTATAATGTGTGGACCGCAATCTTAATCTAGCAGGGGAGGGTTTggtgTGAGACCCAGGAAACAGCTATGAC,122,12192.008034736,68,GGTCTCTgtac,ggtgTGAGACC,GTAAAACGACGGCCAGT,CAGGAAACAGCTATGAC
"""apFAB312--apFAB820""",GTAAAACGACGGCCAGTGGTCTCTgtacTTGACAATTAATCATCCGGCTCTTAGTGTTTGTGGAGCATTATCTTAATCTAGCTGCGGAGGGTTTggtgTGAGACCCAGGAAACAGCTATGAC,122,12916.5213613284,68,GGTCTCTgtac,ggtgTGAGACC,GTAAAACGACGGCCAGT,CAGGAAACAGCTATGAC
"""apFAB341--apFAB873""",GTAAAACGACGGCCAGTGGTCTCTgtacTTGACAATTAATCATCCGGCTCGTAATATGTGTGGATGGTTATCTTAATCTAGCCCAGGAACGTTTggtgTGAGACCCAGGAAACAGCTATGAC,122,12926.1474262002,68,GGTCTCTgtac,ggtgTGAGACC,GTAAAACGACGGCCAGT,CAGGAAACAGCTATGAC
"""apFAB54--apFAB890""",GTAAAACGACGGCCAGTGGTCTCTgtacTTGACATAAAGTCTAACCTATAGGATACTTACAGCCATACAAGATCTTAATCTAGCCCGGGATCTTTTggtgTGAGACCCAGGAAACAGCTATGAC,124,13008.077622499,70,GGTCTCTgtac,ggtgTGAGACC,GTAAAACGACGGCCAGT,CAGGAAACAGCTATGAC
"""apFAB312--apFAB827""",GTAAAACGACGGCCAGTGGTCTCTgtacTTGACAATTAATCATCCGGCTCTTAGTGTTTGTGGAGCATTATCTTAATCTAGCAGGGGAGTCTTTggtgTGAGACCCAGGAAACAGCTATGAC,122,13596.9407149357,68,GGTCTCTgtac,ggtgTGAGACC,GTAAAACGACGGCCAGT,CAGGAAACAGCTATGAC
"""apFAB339--apFAB866""",GTAAAACGACGGCCAGTGGTCTCTgtacTTGACAATTAATCATCCGGCTCGTAATTTATGTGGATAGGAATCTTAATCTAGCGTAGGACCGTTTggtgTGAGACCCAGGAAACAGCTATGAC,122,13685.3537609388,68,GGTCTCTgtac,ggtgTGAGACC,GTAAAACGACGGCCAGT,CAGGAAACAGCTATGAC
"""apFAB66--apFAB922""",GTAAAACGACGGCCAGTGGTCTCTgtacTTGACATCAGGAAAATTTTTCTGTATAATAGATTCATCTCAAATCTTAATCTAGCACGGGACGGTTTggtgTGAGACCCAGGAAACAGCTATGAC,123,13999.1834499064,69,GGTCTCTgtac,ggtgTGAGACC,GTAAAACGACGGCCAGT,CAGGAAACAGCTATGAC
"""apFAB347--BBa_J61124""",GTAAAACGACGGCCAGTGGTCTCTgtacTTGACAATTAATCATCCGGCTCTTAATATGTGTGGACGAGGTCTAGAGAAAGAGCCGACATACggtgTGAGACCCAGGAAACAGCTATGAC,119,14330.139610457,65,GGTCTCTgtac,ggtgTGAGACC,GTAAAACGACGGCCAGT,CAGGAAACAGCTATGAC
"""apFAB339--apFAB889""",GTAAAACGACGGCCAGTGGTCTCTgtacTTGACAATTAATCATCCGGCTCGTAATTTATGTGGATAGGAATCTTAATCTAGCGGAGGAGGATTTggtgTGAGACCCAGGAAACAGCTATGAC,122,14572.8748987457,68,GGTCTCTgtac,ggtgTGAGACC,GTAAAACGACGGCCAGT,CAGGAAACAGCTATGAC
"""apFAB345--BBa_J61101""",GTAAAACGACGGCCAGTGGTCTCTgtacTTGACAATTAATCATCCGGCTCGTAGAGTATGTGGAGTATCTCTAGAGAAAGACAGGACCCACggtgTGAGACCCAGGAAACAGCTATGAC,119,14671.0451012839,65,GGTCTCTgtac,ggtgTGAGACC,GTAAAACGACGGCCAGT,CAGGAAACAGCTATGAC
"""apFAB321--BBa_J61122""",GTAAAACGACGGCCAGTGGTCTCTgtacTTGACAATTAATCATCCGGCTCGTAACTTATGTGGACTCGGTCTAGAGAAAGAGAGGAGCCACggtgTGAGACCCAGGAAACAGCTATGAC,119,14705.9518269475,65,GGTCTCTgtac,ggtgTGAGACC,GTAAAACGACGGCCAGT,CAGGAAACAGCTATGAC
"""apFAB312--apFAB876""",GTAAAACGACGGCCAGTGGTCTCTgtacTTGACAATTAATCATCCGGCTCTTAGTGTTTGTGGAGCATTATCTTAATCTAGCTAGGGATATTTTggtgTGAGACCCAGGAAACAGCTATGAC,122,14720.7612559977,68,GGTCTCTgtac,ggtgTGAGACC,GTAAAACGACGGCCAGT,CAGGAAACAGCTATGAC
"""BBa_J23118--salis-4-7""",GTAAAACGACGGCCAGTGGTCTCTgtacTTGACGGCTAGCTCAGTCCTAGGTATTGTGCTAGCCGTCGAATCTCATATATCAAATATAAGCAGGATggtgTGAGACCCAGGAAACAGCTATGAC,124,14840.8371055318,70,GGTCTCTgtac,ggtgTGAGACC,GTAAAACGACGGCCAGT,CAGGAAACAGCTATGAC
"""apFAB312--Anderson_RBS""",GTAAAACGACGGCCAGTGGTCTCTgtacTTGACAATTAATCATCCGGCTCTTAGTGTTTGTGGAGCATTTCTAGAGAAAGAGGGGACAAACTggtgTGAGACCCAGGAAACAGCTATGAC,120,15237.4607167424,66,GGTCTCTgtac,ggtgTGAGACC,GTAAAACGACGGCCAGT,CAGGAAACAGCTATGAC
"""apFAB66--apFAB964""",GTAAAACGACGGCCAGTGGTCTCTgtacTTGACATCAGGAAAATTTTTCTGTATAATAGATTCATCTCAAATCTTAATCTAGCCTGGGATCGTTTggtgTGAGACCCAGGAAACAGCTATGAC,123,15278.7778925777,69,GGTCTCTgtac,ggtgTGAGACC,GTAAAACGACGGCCAGT,CAGGAAACAGCTATGAC
"""apFAB125--BBa_J61129""",GTAAAACGACGGCCAGTGGTCTCTgtacTCGACATTTATCCCTTGCGGCGATATAATGTGTGGATAATCCTCTAGAGAAAGATTGGACGTACggtgTGAGACCCAGGAAACAGCTATGAC,120,15285.9990823561,66,GGTCTCTgtac,ggtgTGAGACC,GTAAAACGACGGCCAGT,CAGGAAACAGCTATGAC
"""apFAB66--BBa_J61126""",GTAAAACGACGGCCAGTGGTCTCTgtacTTGACATCAGGAAAATTTTTCTGTATAATAGATTCATCTCAATCTAGAGAAAGAGGTGACTCACggtgTGAGACCCAGGAAACAGCTATGAC,120,15555.0615171382,66,GGTCTCTgtac,ggtgTGAGACC,GTAAAACGACGGCCAGT,CAGGAAACAGCTATGAC
"""apFAB58--BBa_J61110""",GTAAAACGACGGCCAGTGGTCTCTgtacTTGACATAAAGTCTAACCTATAGGTAGATTTAACGTATTCTGATCTAGAGAAAGAGGCGAATTACggtgTGAGACCCAGGAAACAGCTATGAC,121,15666.398443478,67,GGTCTCTgtac,ggtgTGAGACC,GTAAAACGACGGCCAGT,CAGGAAACAGCTATGAC
"""apFAB115--apFAB903""",GTAAAACGACGGCCAGTGGTCTCTgtacTCGACATCAGGAAAATTTTTCTGTATAATGTGTGGATCTACAATCTTAATCTAGCCCAGGAAGATTTggtgTGAGACCCAGGAAACAGCTATGAC,123,15839.1134178776,69,GGTCTCTgtac,ggtgTGAGACC,GTAAAACGACGGCCAGT,CAGGAAACAGCTATGAC
"""BBa_J23105--apFAB851""",GTAAAACGACGGCCAGTGGTCTCTgtacTTTACGGCTAGCTCAGTCCTAGGTACTATGCTAGCAAGGTATCTTAATCTAGCGGAGGATCGTTTggtgTGAGACCCAGGAAACAGCTATGAC,121,16096.2574294742,67,GGTCTCTgtac,ggtgTGAGACC,GTAAAACGACGGCCAGT,CAGGAAACAGCTATGAC
"""apFAB75--apFAB895""",GTAAAACGACGGCCAGTGGTCTCTgtacTTGACATTTATCCCTTGCGGCGATATAATGTGTGGATAAGTGATCTTAATCTAGCTAGGGACCTTTTggtgTGAGACCCAGGAAACAGCTATGAC,123,16116.0385907587,69,GGTCTCTgtac,ggtgTGAGACC,GTAAAACGACGGCCAGT,CAGGAAACAGCTATGAC
"""J23101--BBa_J61104""",GTAAAACGACGGCCAGTGGTCTCTgtacTTTACAGCTAGCTCAGTCCTAGGTATTATGCTAGCCAGTTTCTAGAGAAAGAAGGGACAGACggtgTGAGACCCAGGAAACAGCTATGAC,118,16118.4611045492,64,GGTCTCTgtac,ggtgTGAGACC,GTAAAACGACGGCCAGT,CAGGAAACAGCTATGAC
"""apFAB77--apFAB869""",GTAAAACGACGGCCAGTGGTCTCTgtacTTGACATTTATCCCTTGCGGCGACATAATTATTTCATTTTGGATCTTAATCTAGCAGTGGAACCTTTggtgTGAGACCCAGGAAACAGCTATGAC,123,16232.3420415653,69,GGTCTCTgtac,ggtgTGAGACC,GTAAAACGACGGCCAGT,CAGGAAACAGCTATGAC
"""BBa_J23105--apFAB912""",GTAAAACGACGGCCAGTGGTCTCTgtacTTTACGGCTAGCTCAGTCCTAGGTACTATGCTAGCAAGGTATCTTAATCTAGCTAGGGAGTGTTTggtgTGAGACCCAGGAAACAGCTATGAC,121,16345.7497537651,67,GGTCTCTgtac,ggtgTGAGACC,GTAAAACGACGGCCAGT,CAGGAAACAGCTATGAC
"""BBa_J23102--BBa_J61106""",GTAAAACGACGGCCAGTGGTCTCTgtacTTGACAGCTAGCTCAGTCCTAGGTACTGTGCTAGCAACCTTCTAGAGAAAGATAGGAGACACggtgTGAGACCCAGGAAACAGCTATGAC,118,16463.195181861,64,GGTCTCTgtac,ggtgTGAGACC,GTAAAACGACGGCCAGT,CAGGAAACAGCTATGAC
"""apFAB277--apFAB851""",GTAAAACGACGGCCAGTGGTCTCTgtacTTCCCTATTAATCATCCGGCTCGTATAATGTGTGGAATTTAATCTTAATCTAGCGGAGGATCGTTTggtgTGAGACCCAGGAAACAGCTATGAC,122,16758.3393110248,68,GGTCTCTgtac,ggtgTGAGACC,GTAAAACGACGGCCAGT,CAGGAAACAGCTATGAC
"""apFAB318--apFAB868""",GTAAAACGACGGCCAGTGGTCTCTgtacTTGACTATTAATCATCCGGCTCGTATAATGTGTGGATACACATCTTAATCTAGCGACGGAGTCTTTggtgTGAGACCCAGGAAACAGCTATGAC,122,17651.8596933572,68,GGTCTCTgtac,ggtgTGAGACC,GTAAAACGACGGCCAGT,CAGGAAACAGCTATGAC
"""apFAB306--Anderson_RBS""",GTAAAACGACGGCCAGTGGTCTCTgtacTTGACAATTAATCATCCGGCTCGTAGTGTTTGTGGATGTTGTCTAGAGAAAGAGGGGACAAACTggtgTGAGACCCAGGAAACAGCTATGAC,120,18829.4300255197,66,GGTCTCTgtac,ggtgTGAGACC,GTAAAACGACGGCCAGT,CAGGAAACAGCTATGAC
"""apFAB338--GSG_RBS""",GTAAAACGACGGCCAGTGGTCTCTgtacTTGACAATTAATCATCCGGCTCCTAGGATGTGTGGAGGGACTAAGGAGGTGACggtgTGAGACCCAGGAAACAGCTATGAC,109,18839.1709266682,55,GGTCTCTgtac,ggtgTGAGACC,GTAAAACGACGGCCAGT,CAGGAAACAGCTATGAC
"""BBa_J23107--BBa_J61106""",GTAAAACGACGGCCAGTGGTCTCTgtacTTTACGGCTAGCTCAGCCCTAGGTATTATGCTAGCATGGATCTAGAGAAAGATAGGAGACACggtgTGAGACCCAGGAAACAGCTATGAC,118,18970.0309945613,64,GGTCTCTgtac,ggtgTGAGACC,GTAAAACGACGGCCAGT,CAGGAAACAGCTATGAC
"""apFAB63--apFAB844""",GTAAAACGACGGCCAGTGGTCTCTgtacTTGACAATTAATCATCCGGCTCGTAGATTTAACGTATAAAGCATCTTAATCTAGCAGGGGACACTTTggtgTGAGACCCAGGAAACAGCTATGAC,123,19038.1062095057,69,GGTCTCTgtac,ggtgTGAGACC,GTAAAACGACGGCCAGT,CAGGAAACAGCTATGAC
"""apFAB58--apFAB954""",GTAAAACGACGGCCAGTGGTCTCTgtacTTGACATAAAGTCTAACCTATAGGTAGATTTAACGTATTCTGAATCTTAATCTAGCTCAGGACAATTTggtgTGAGACCCAGGAAACAGCTATGAC,124,19054.2213299239,70,GGTCTCTgtac,ggtgTGAGACC,GTAAAACGACGGCCAGT,CAGGAAACAGCTATGAC
"""apFAB58--apFAB894""",GTAAAACGACGGCCAGTGGTCTCTgtacTTGACATAAAGTCTAACCTATAGGTAGATTTAACGTATTCTGAATCTTAATCTAGCGCTGGAGGCTTTggtgTGAGACCCAGGAAACAGCTATGAC,124,19292.8782952556,70,GGTCTCTgtac,ggtgTGAGACC,GTAAAACGACGGCCAGT,CAGGAAACAGCTATGAC
"""BBa_J23107--apFAB901""",GTAAAACGACGGCCAGTGGTCTCTgtacTTTACGGCTAGCTCAGCCCTAGGTATTATGCTAGCATGGAATCTTAATCTAGCCCGGGAGTTTTTggtgTGAGACCCAGGAAACAGCTATGAC,121,19610.613542531,67,GGTCTCTgtac,ggtgTGAGACC,GTAAAACGACGGCCAGT,CAGGAAACAGCTATGAC
"""BBa_J23106--BBa_J61106""",GTAAAACGACGGCCAGTGGTCTCTgtacTTTACGGCTAGCTCAGTCCTAGGTATAGTGCTAGCGATAGTCTAGAGAAAGATAGGAGACACggtgTGAGACCCAGGAAACAGCTATGAC,118,20336.5031298363,64,GGTCTCTgtac,ggtgTGAGACC,GTAAAACGACGGCCAGT,CAGGAAACAGCTATGAC
"""BBa_J23107--apFAB954""",GTAAAACGACGGCCAGTGGTCTCTgtacTTTACGGCTAGCTCAGCCCTAGGTATTATGCTAGCATGGAATCTTAATCTAGCTCAGGACAATTTggtgTGAGACCCAGGAAACAGCTATGAC,121,20352.2391616074,67,GGTCTCTgtac,ggtgTGAGACC,GTAAAACGACGGCCAGT,CAGGAAACAGCTATGAC
"""BBa_J23118--apFAB856""",GTAAAACGACGGCCAGTGGTCTCTgtacTTGACGGCTAGCTCAGTCCTAGGTATTGTGCTAGCCGTCGATCTTAATCTAGCGCCGGAGGTTTTggtgTGAGACCCAGGAAACAGCTATGAC,121,20352.9150318693,67,GGTCTCTgtac,ggtgTGAGACC,GTAAAACGACGGCCAGT,CAGGAAACAGCTATGAC
"""BBa_J23105--Alon_RBS""",GTAAAACGACGGCCAGTGGTCTCTgtacTTTACGGCTAGCTCAGTCCTAGGTACTATGCTAGCAAGGTCCTCTAGATTTAAGAAGGAGATATAggtgTGAGACCCAGGAAACAGCTATGAC,121,20395.61224654,67,GGTCTCTgtac,ggtgTGAGACC,GTAAAACGACGGCCAGT,CAGGAAACAGCTATGAC
"""BBa_J23108--B0030_RBS""",GTAAAACGACGGCCAGTGGTCTCTgtacCTGACAGCTAGCTCAGTCCTAGGTATAATGCTAGCCACCGATTAAAGAGGAGAAATTAggtgTGAGACCCAGGAAACAGCTATGAC,114,20462.2995577116,60,GGTCTCTgtac,ggtgTGAGACC,GTAAAACGACGGCCAGT,CAGGAAACAGCTATGAC
"""BBa_J23106--apFAB884""",GTAAAACGACGGCCAGTGGTCTCTgtacTTTACGGCTAGCTCAGTCCTAGGTATAGTGCTAGCGATAGATCTTAATCTAGCGAGGGTAGGTTTggtgTGAGACCCAGGAAACAGCTATGAC,121,20702.2633157216,67,GGTCTCTgtac,ggtgTGAGACC,GTAAAACGACGGCCAGT,CAGGAAACAGCTATGAC
"""apFAB69--apFAB954""",GTAAAACGACGGCCAGTGGTCTCTgtacTTGACATCGCATCTTTTTGTACCATACTTACAGCCATTGTACATCTTAATCTAGCTCAGGACAATTTggtgTGAGACCCAGGAAACAGCTATGAC,123,21076.6856684444,69,GGTCTCTgtac,ggtgTGAGACC,GTAAAACGACGGCCAGT,CAGGAAACAGCTATGAC
"""apFAB69--apFAB927""",GTAAAACGACGGCCAGTGGTCTCTgtacTTGACATCGCATCTTTTTGTACCATACTTACAGCCATTGTACATCTTAATCTAGCTGGGGACTGTTTggtgTGAGACCCAGGAAACAGCTATGAC,123,21445.5509750836,69,GGTCTCTgtac,ggtgTGAGACC,GTAAAACGACGGCCAGT,CAGGAAACAGCTATGAC
"""apFAB58--apFAB831""",GTAAAACGACGGCCAGTGGTCTCTgtacTTGACATAAAGTCTAACCTATAGGTAGATTTAACGTATTCTGAATCTTAATCTAGCACAGGAGACTTTggtgTGAGACCCAGGAAACAGCTATGAC,124,21903.6981531102,70,GGTCTCTgtac,ggtgTGAGACC,GTAAAACGACGGCCAGT,CAGGAAACAGCTATGAC
"""apFAB69--apFAB856""",GTAAAACGACGGCCAGTGGTCTCTgtacTTGACATCGCATCTTTTTGTACCATACTTACAGCCATTGTACATCTTAATCTAGCGCCGGAGGTTTTggtgTGAGACCCAGGAAACAGCTATGAC,123,24627.6430043563,69,GGTCTCTgtac,ggtgTGAGACC,GTAAAACGACGGCCAGT,CAGGAAACAGCTATGAC
"""apFAB70--BBa_J61124""",GTAAAACGACGGCCAGTGGTCTCTgtacTTGACATCGCATCTTTTTGTACCTATAATGTGTGGATAGAGTTCTAGAGAAAGAGCCGACATACggtgTGAGACCCAGGAAACAGCTATGAC,120,25775.3607467527,66,GGTCTCTgtac,ggtgTGAGACC,GTAAAACGACGGCCAGT,CAGGAAACAGCTATGAC
"""apFAB115--BBa_J61122""",GTAAAACGACGGCCAGTGGTCTCTgtacTCGACATCAGGAAAATTTTTCTGTATAATGTGTGGATCTACATCTAGAGAAAGAGAGGAGCCACggtgTGAGACCCAGGAAACAGCTATGAC,120,26110.3913090067,66,GGTCTCTgtac,ggtgTGAGACC,GTAAAACGACGGCCAGT,CAGGAAACAGCTATGAC
"""apFAB57--apFAB865""",GTAAAACGACGGCCAGTGGTCTCTgtacTTGACATAAAGTCTAACCTATAGGCATAATTATTTCATCCGACATCTTAATCTAGCGCGGGAGTATTTggtgTGAGACCCAGGAAACAGCTATGAC,124,26644.4097043332,70,GGTCTCTgtac,ggtgTGAGACC,GTAAAACGACGGCCAGT,CAGGAAACAGCTATGAC
"""apFAB58--apFAB832""",GTAAAACGACGGCCAGTGGTCTCTgtacTTGACATAAAGTCTAACCTATAGGTAGATTTAACGTATTCTGAATCTTAATCTAGCTGGGGAGGCTTTggtgTGAGACCCAGGAAACAGCTATGAC,124,26839.3319162245,70,GGTCTCTgtac,ggtgTGAGACC,GTAAAACGACGGCCAGT,CAGGAAACAGCTATGAC
"""apFAB125--apFAB860""",GTAAAACGACGGCCAGTGGTCTCTgtacTCGACATTTATCCCTTGCGGCGATATAATGTGTGGATAATCCATCTTAATCTAGCCGTGGAGGGTTTggtgTGAGACCCAGGAAACAGCTATGAC,123,26915.9479880514,69,GGTCTCTgtac,ggtgTGAGACC,GTAAAACGACGGCCAGT,CAGGAAACAGCTATGAC
"""apFAB277--Invitrogen_RBS""",GTAAAACGACGGCCAGTGGTCTCTgtacTTCCCTATTAATCATCCGGCTCGTATAATGTGTGGAATTTAAAAATTAAGAGGTATATAggtgTGAGACCCAGGAAACAGCTATGAC,115,28311.6802667157,61,GGTCTCTgtac,ggtgTGAGACC,GTAAAACGACGGCCAGT,CAGGAAACAGCTATGAC
"""apFAB312--apFAB863""",GTAAAACGACGGCCAGTGGTCTCTgtacTTGACAATTAATCATCCGGCTCTTAGTGTTTGTGGAGCATTATCTTAATCTAGCGGGGGAGCGTTTggtgTGAGACCCAGGAAACAGCTATGAC,122,28354.6768027997,68,GGTCTCTgtac,ggtgTGAGACC,GTAAAACGACGGCCAGT,CAGGAAACAGCTATGAC
"""apFAB115--apFAB854""",GTAAAACGACGGCCAGTGGTCTCTgtacTCGACATCAGGAAAATTTTTCTGTATAATGTGTGGATCTACAATCTTAATCTAGCTAGGGAGCATTTggtgTGAGACCCAGGAAACAGCTATGAC,123,28800.5084242572,69,GGTCTCTgtac,ggtgTGAGACC,GTAAAACGACGGCCAGT,CAGGAAACAGCTATGAC
"""BBa_J23107--apFAB865""",GTAAAACGACGGCCAGTGGTCTCTgtacTTTACGGCTAGCTCAGCCCTAGGTATTATGCTAGCATGGAATCTTAATCTAGCGCGGGAGTATTTggtgTGAGACCCAGGAAACAGCTATGAC,121,29201.201653576,67,GGTCTCTgtac,ggtgTGAGACC,GTAAAACGACGGCCAGT,CAGGAAACAGCTATGAC
"""apFAB69--BBa_J61100""",GTAAAACGACGGCCAGTGGTCTCTgtacTTGACATCGCATCTTTTTGTACCATACTTACAGCCATTGTACTCTAGAGAAAGAGGGGACAAACggtgTGAGACCCAGGAAACAGCTATGAC,120,29272.4289567424,66,GGTCTCTgtac,ggtgTGAGACC,GTAAAACGACGGCCAGT,CAGGAAACAGCTATGAC
"""apFAB57--apFAB927""",GTAAAACGACGGCCAGTGGTCTCTgtacTTGACATAAAGTCTAACCTATAGGCATAATTATTTCATCCGACATCTTAATCTAGCTGGGGACTGTTTggtgTGAGACCCAGGAAACAGCTATGAC,124,29373.0388431782,70,GGTCTCTgtac,ggtgTGAGACC,GTAAAACGACGGCCAGT,CAGGAAACAGCTATGAC
"""apFAB317--apFAB832""",GTAAAACGACGGCCAGTGGTCTCTgtacTTGATATTTAATCATCCGGCTCGTATAATGTGTGGAGCACCATCTTAATCTAGCTGGGGAGGCTTTggtgTGAGACCCAGGAAACAGCTATGAC,122,29970.0059860069,68,GGTCTCTgtac,ggtgTGAGACC,GTAAAACGACGGCCAGT,CAGGAAACAGCTATGAC
"""apFAB77--BBa_J61126""",GTAAAACGACGGCCAGTGGTCTCTgtacTTGACATTTATCCCTTGCGGCGACATAATTATTTCATTTTGGTCTAGAGAAAGAGGTGACTCACggtgTGAGACCCAGGAAACAGCTATGAC,120,30426.6720907144,66,GGTCTCTgtac,ggtgTGAGACC,GTAAAACGACGGCCAGT,CAGGAAACAGCTATGAC
"""BBa_J23105--B0030_RBS""",GTAAAACGACGGCCAGTGGTCTCTgtacTTTACGGCTAGCTCAGTCCTAGGTACTATGCTAGCAAGGTATTAAAGAGGAGAAATTAggtgTGAGACCCAGGAAACAGCTATGAC,114,30542.9145871966,60,GGTCTCTgtac,ggtgTGAGACC,GTAAAACGACGGCCAGT,CAGGAAACAGCTATGAC
"""apFAB57--apFAB827""",GTAAAACGACGGCCAGTGGTCTCTgtacTTGACATAAAGTCTAACCTATAGGCATAATTATTTCATCCGACATCTTAATCTAGCAGGGGAGTCTTTggtgTGAGACCCAGGAAACAGCTATGAC,124,30662.657066401,70,GGTCTCTgtac,ggtgTGAGACC,GTAAAACGACGGCCAGT,CAGGAAACAGCTATGAC
"""BBa_J23100--apFAB895""",GTAAAACGACGGCCAGTGGTCTCTgtacTTGACGGCTAGCTCAGTCCTAGGTACAGTGCTAGCTTAATATCTTAATCTAGCTAGGGACCTTTTggtgTGAGACCCAGGAAACAGCTATGAC,121,30665.9440754313,67,GGTCTCTgtac,ggtgTGAGACC,GTAAAACGACGGCCAGT,CAGGAAACAGCTATGAC
"""apFAB322--apFAB901""",GTAAAACGACGGCCAGTGGTCTCTgtacTTGCGTATTAATCATCCGGCTCGTATAATGTGTGGATGATCATCTTAATCTAGCCCGGGAGTTTTTggtgTGAGACCCAGGAAACAGCTATGAC,122,31936.2299514177,68,GGTCTCTgtac,ggtgTGAGACC,GTAAAACGACGGCCAGT,CAGGAAACAGCTATGAC
"""apFAB73--apFAB848""",GTAAAACGACGGCCAGTGGTCTCTgtacTTGACATCGCATCTTTTTGTACCTAGATTTAACGTATTCGGCATCTTAATCTAGCATAGGAGGTTTTggtgTGAGACCCAGGAAACAGCTATGAC,123,32201.3233829816,69,GGTCTCTgtac,ggtgTGAGACC,GTAAAACGACGGCCAGT,CAGGAAACAGCTATGAC
"""apFAB76--apFAB854""",GTAAAACGACGGCCAGTGGTCTCTgtacTTGACATTTATCCCTTGCGGCGATATAATAGATTCATTCCGGATCTTAATCTAGCTAGGGAGCATTTggtgTGAGACCCAGGAAACAGCTATGAC,123,32825.861011414,69,GGTCTCTgtac,ggtgTGAGACC,GTAAAACGACGGCCAGT,CAGGAAACAGCTATGAC
"""apFAB62--BBa_J61129""",GTAAAACGACGGCCAGTGGTCTCTgtacTTGACAATTAATCATCCGGCTCGCATAATTATTTCATTTCAGTCTAGAGAAAGATTGGACGTACggtgTGAGACCCAGGAAACAGCTATGAC,120,33682.0371963131,66,GGTCTCTgtac,ggtgTGAGACC,GTAAAACGACGGCCAGT,CAGGAAACAGCTATGAC
"""J23101--apFAB894""",GTAAAACGACGGCCAGTGGTCTCTgtacTTTACAGCTAGCTCAGTCCTAGGTATTATGCTAGCCAGTTATCTTAATCTAGCGCTGGAGGCTTTggtgTGAGACCCAGGAAACAGCTATGAC,121,33879.3535749548,67,GGTCTCTgtac,ggtgTGAGACC,GTAAAACGACGGCCAGT,CAGGAAACAGCTATGAC
"""BBa_J23102--apFAB860""",GTAAAACGACGGCCAGTGGTCTCTgtacTTGACAGCTAGCTCAGTCCTAGGTACTGTGCTAGCAACCTATCTTAATCTAGCCGTGGAGGGTTTggtgTGAGACCCAGGAAACAGCTATGAC,121,33923.9047256335,67,GGTCTCTgtac,ggtgTGAGACC,GTAAAACGACGGCCAGT,CAGGAAACAGCTATGAC
"""apFAB56--BBa_J61118""",GTAAAACGACGGCCAGTGGTCTCTgtacTTGACATAAAGTCTAACCTATAGGTATAATAGATTCATAGTGATCTAGAGAAAGAGACGAATCACggtgTGAGACCCAGGAAACAGCTATGAC,121,34025.1323094317,67,GGTCTCTgtac,ggtgTGAGACC,GTAAAACGACGGCCAGT,CAGGAAACAGCTATGAC
"""apFAB346--BBa_J61113""",GTAAAACGACGGCCAGTGGTCTCTgtacTTGACAATTAATCATCCGGCTCGTAATGTTTGTGGATAGCTTCTAGAGAAAGAGTGGAAAAACggtgTGAGACCCAGGAAACAGCTATGAC,119,34871.3928114534,65,GGTCTCTgtac,ggtgTGAGACC,GTAAAACGACGGCCAGT,CAGGAAACAGCTATGAC
"""J23101--apFAB883""",GTAAAACGACGGCCAGTGGTCTCTgtacTTTACAGCTAGCTCAGTCCTAGGTATTATGCTAGCCAGTTATCTTAATCTAGCGTAGGACTCTTTggtgTGAGACCCAGGAAACAGCTATGAC,121,35537.4558178732,67,GGTCTCTgtac,ggtgTGAGACC,GTAAAACGACGGCCAGT,CAGGAAACAGCTATGAC
"""apFAB68--apFAB873""",GTAAAACGACGGCCAGTGGTCTCTgtacTTGACATCAGGAAAATTTTTCTGTAGATTTAACGTATAGGTAATCTTAATCTAGCCCAGGAACGTTTggtgTGAGACCCAGGAAACAGCTATGAC,123,36319.0210806352,69,GGTCTCTgtac,ggtgTGAGACC,GTAAAACGACGGCCAGT,CAGGAAACAGCTATGAC
"""apFAB342--BBa_J61126""",GTAAAACGACGGCCAGTGGTCTCTgtacTTGACAATTAATCATCCGGCTCATAAAATTTGTGGAGGCGATCTAGAGAAAGAGGTGACTCACggtgTGAGACCCAGGAAACAGCTATGAC,119,36597.4839808816,65,GGTCTCTgtac,ggtgTGAGACC,GTAAAACGACGGCCAGT,CAGGAAACAGCTATGAC
"""apFAB259--B0034_RBS""",GTAAAACGACGGCCAGTGGTCTCTgtacTTCACACTTAATCATCCGGCTCGTATAATGTGTGGACCGCAAAAGAGGAGAAATTAggtgTGAGACCCAGGAAACAGCTATGAC,112,37252.2584735615,58,GGTCTCTgtac,ggtgTGAGACC,GTAAAACGACGGCCAGT,CAGGAAACAGCTATGAC
"""apFAB78--apFAB827""",GTAAAACGACGGCCAGTGGTCTCTgtacTTGACATTTATCCCTTGCGGCGATAGATTTAACGTATGACGGATCTTAATCTAGCAGGGGAGTCTTTggtgTGAGACCCAGGAAACAGCTATGAC,123,37694.7673079995,69,GGTCTCTgtac,ggtgTGAGACC,GTAAAACGACGGCCAGT,CAGGAAACAGCTATGAC
"""apFAB346--BBa_J61127""",GTAAAACGACGGCCAGTGGTCTCTgtacTTGACAATTAATCATCCGGCTCGTAATGTTTGTGGATAGCTTCTAGAGAAAGAGTGGAACTACggtgTGAGACCCAGGAAACAGCTATGAC,119,39132.2234677141,65,GGTCTCTgtac,ggtgTGAGACC,GTAAAACGACGGCCAGT,CAGGAAACAGCTATGAC
"""pTrc*--B0032_RBS""",GTAAAACGACGGCCAGTGGTCTCTgtacTTGACAATTAATCATCCGGCTCGTATAATGTGTGGAATTGTGAGATGAGTCACACAGGAAAGGCCggtgTGAGACCCAGGAAACAGCTATGAC,121,39830.126102394,67,GGTCTCTgtac,ggtgTGAGACC,GTAAAACGACGGCCAGT,CAGGAAACAGCTATGAC
"""apFAB57--BBa_J61115""",GTAAAACGACGGCCAGTGGTCTCTgtacTTGACATAAAGTCTAACCTATAGGCATAATTATTTCATCCGACTCTAGAGAAAGAAGGGATACACggtgTGAGACCCAGGAAACAGCTATGAC,121,40310.8797093632,67,GGTCTCTgtac,ggtgTGAGACC,GTAAAACGACGGCCAGT,CAGGAAACAGCTATGAC
"""BBa_J23118--apFAB831""",GTAAAACGACGGCCAGTGGTCTCTgtacTTGACGGCTAGCTCAGTCCTAGGTATTGTGCTAGCCGTCGATCTTAATCTAGCACAGGAGACTTTggtgTGAGACCCAGGAAACAGCTATGAC,121,40793.1497186543,67,GGTCTCTgtac,ggtgTGAGACC,GTAAAACGACGGCCAGT,CAGGAAACAGCTATGAC
"""J23101--apFAB910""",GTAAAACGACGGCCAGTGGTCTCTgtacTTTACAGCTAGCTCAGTCCTAGGTATTATGCTAGCCAGTTATCTTAATCTAGCAAAGGACACTTTggtgTGAGACCCAGGAAACAGCTATGAC,121,41210.7736078916,67,GGTCTCTgtac,ggtgTGAGACC,GTAAAACGACGGCCAGT,CAGGAAACAGCTATGAC
"""apFAB64--apFAB845""",GTAAAACGACGGCCAGTGGTCTCTgtacTTGACATCAGGAAAATTTTTCTGATACTTACAGCCATACCTAATCTTAATCTAGCCGGGGAGACTTTggtgTGAGACCCAGGAAACAGCTATGAC,123,42517.0215727504,69,GGTCTCTgtac,ggtgTGAGACC,GTAAAACGACGGCCAGT,CAGGAAACAGCTATGAC
"""apFAB125--apFAB856""",GTAAAACGACGGCCAGTGGTCTCTgtacTCGACATTTATCCCTTGCGGCGATATAATGTGTGGATAATCCATCTTAATCTAGCGCCGGAGGTTTTggtgTGAGACCCAGGAAACAGCTATGAC,123,43214.8720999436,69,GGTCTCTgtac,ggtgTGAGACC,GTAAAACGACGGCCAGT,CAGGAAACAGCTATGAC
"""apFAB66--BBa_J61137""",GTAAAACGACGGCCAGTGGTCTCTgtacTTGACATCAGGAAAATTTTTCTGTATAATAGATTCATCTCAATCTAGAGAAAGAGTAGATCAACggtgTGAGACCCAGGAAACAGCTATGAC,120,43617.6363974194,66,GGTCTCTgtac,ggtgTGAGACC,GTAAAACGACGGCCAGT,CAGGAAACAGCTATGAC
"""apFAB66--apFAB844""",GTAAAACGACGGCCAGTGGTCTCTgtacTTGACATCAGGAAAATTTTTCTGTATAATAGATTCATCTCAAATCTTAATCTAGCAGGGGACACTTTggtgTGAGACCCAGGAAACAGCTATGAC,123,43680.9156176665,69,GGTCTCTgtac,ggtgTGAGACC,GTAAAACGACGGCCAGT,CAGGAAACAGCTATGAC
"""apFAB61--BBa_J61124""",GTAAAACGACGGCCAGTGGTCTCTgtacTTGACAATTAATCATCCGGCTCGTATAATAGATTCATTAGAGTCTAGAGAAAGAGCCGACATACggtgTGAGACCCAGGAAACAGCTATGAC,120,43992.3020299101,66,GGTCTCTgtac,ggtgTGAGACC,GTAAAACGACGGCCAGT,CAGGAAACAGCTATGAC
"""apFAB115--apFAB856""",GTAAAACGACGGCCAGTGGTCTCTgtacTCGACATCAGGAAAATTTTTCTGTATAATGTGTGGATCTACAATCTTAATCTAGCGCCGGAGGTTTTggtgTGAGACCCAGGAAACAGCTATGAC,123,45030.2069827056,69,GGTCTCTgtac,ggtgTGAGACC,GTAAAACGACGGCCAGT,CAGGAAACAGCTATGAC
"""apFAB277--Plotkin_RBS""",GTAAAACGACGGCCAGTGGTCTCTgtacTTCCCTATTAATCATCCGGCTCGTATAATGTGTGGAATTTATGGATCCAAGAAGGAGATATAggtgTGAGACCCAGGAAACAGCTATGAC,118,46452.7142617739,64,GGTCTCTgtac,ggtgTGAGACC,GTAAAACGACGGCCAGT,CAGGAAACAGCTATGAC
"""apFAB346--apFAB901""",GTAAAACGACGGCCAGTGGTCTCTgtacTTGACAATTAATCATCCGGCTCGTAATGTTTGTGGATAGCTATCTTAATCTAGCCCGGGAGTTTTTggtgTGAGACCCAGGAAACAGCTATGAC,122,46997.6995168671,68,GGTCTCTgtac,ggtgTGAGACC,GTAAAACGACGGCCAGT,CAGGAAACAGCTATGAC
"""apFAB342--apFAB842""",GTAAAACGACGGCCAGTGGTCTCTgtacTTGACAATTAATCATCCGGCTCATAAAATTTGTGGAGGCGAATCTTAATCTAGCAGGGGAGGGTTTggtgTGAGACCCAGGAAACAGCTATGAC,122,47357.2566761997,68,GGTCTCTgtac,ggtgTGAGACC,GTAAAACGACGGCCAGT,CAGGAAACAGCTATGAC
"""apFAB76--apFAB927""",GTAAAACGACGGCCAGTGGTCTCTgtacTTGACATTTATCCCTTGCGGCGATATAATAGATTCATTCCGGATCTTAATCTAGCTGGGGACTGTTTggtgTGAGACCCAGGAAACAGCTATGAC,123,49165.5242087377,69,GGTCTCTgtac,ggtgTGAGACC,GTAAAACGACGGCCAGT,CAGGAAACAGCTATGAC
"""apFAB341--BBa_J61128""",GTAAAACGACGGCCAGTGGTCTCTgtacTTGACAATTAATCATCCGGCTCGTAATATGTGTGGATGGTTTCTAGAGAAAGATAGGACTCACggtgTGAGACCCAGGAAACAGCTATGAC,119,49398.7936024893,65,GGTCTCTgtac,ggtgTGAGACC,GTAAAACGACGGCCAGT,CAGGAAACAGCTATGAC
"""apFAB78--BBa_J61112""",GTAAAACGACGGCCAGTGGTCTCTgtacTTGACATTTATCCCTTGCGGCGATAGATTTAACGTATGACGGTCTAGAGAAAGAGGTGACATACggtgTGAGACCCAGGAAACAGCTATGAC,120,49552.2857444652,66,GGTCTCTgtac,ggtgTGAGACC,GTAAAACGACGGCCAGT,CAGGAAACAGCTATGAC
"""apFAB65--BBa_J61134""",GTAAAACGACGGCCAGTGGTCTCTgtacTTGACATCAGGAAAATTTTTCTGTATAATGTGTGGATTCGTATCTAGAGAAAGACCGGAAATACggtgTGAGACCCAGGAAACAGCTATGAC,120,49727.2834487658,66,GGTCTCTgtac,ggtgTGAGACC,GTAAAACGACGGCCAGT,CAGGAAACAGCTATGAC
"""apFAB76--apFAB909""",GTAAAACGACGGCCAGTGGTCTCTgtacTTGACATTTATCCCTTGCGGCGATATAATAGATTCATTCCGGATCTTAATCTAGCGAAGGATAGTTTggtgTGAGACCCAGGAAACAGCTATGAC,123,49770.1666199735,69,GGTCTCTgtac,ggtgTGAGACC,GTAAAACGACGGCCAGT,CAGGAAACAGCTATGAC
"""J23101--apFAB901""",GTAAAACGACGGCCAGTGGTCTCTgtacTTTACAGCTAGCTCAGTCCTAGGTATTATGCTAGCCAGTTATCTTAATCTAGCCCGGGAGTTTTTggtgTGAGACCCAGGAAACAGCTATGAC,121,51127.2130396127,67,GGTCTCTgtac,ggtgTGAGACC,GTAAAACGACGGCCAGT,CAGGAAACAGCTATGAC
"""apFAB115--apFAB861""",GTAAAACGACGGCCAGTGGTCTCTgtacTCGACATCAGGAAAATTTTTCTGTATAATGTGTGGATCTACAATCTTAATCTAGCGCGGGAGGGTTTggtgTGAGACCCAGGAAACAGCTATGAC,123,52411.3318508782,69,GGTCTCTgtac,ggtgTGAGACC,GTAAAACGACGGCCAGT,CAGGAAACAGCTATGAC
"""apFAB302--apFAB857""",GTAAAACGACGGCCAGTGGTCTCTgtacTTCCCTTTTAATCATCCGGCTCGTATAATGTGTGGAGACTTATCTTAATCTAGCTGAGGAAAGTTTggtgTGAGACCCAGGAAACAGCTATGAC,122,53294.0556118934,68,GGTCTCTgtac,ggtgTGAGACC,GTAAAACGACGGCCAGT,CAGGAAACAGCTATGAC
"""apFAB56--BBa_J61109""",GTAAAACGACGGCCAGTGGTCTCTgtacTTGACATAAAGTCTAACCTATAGGTATAATAGATTCATAGTGATCTAGAGAAAGACTGGAGACACggtgTGAGACCCAGGAAACAGCTATGAC,121,53881.3416886805,67,GGTCTCTgtac,ggtgTGAGACC,GTAAAACGACGGCCAGT,CAGGAAACAGCTATGAC
"""apFAB62--BBa_J61108""",GTAAAACGACGGCCAGTGGTCTCTgtacTTGACAATTAATCATCCGGCTCGCATAATTATTTCATTTCAGTCTAGAGAAAGACGAGATATACggtgTGAGACCCAGGAAACAGCTATGAC,120,54674.1383634592,66,GGTCTCTgtac,ggtgTGAGACC,GTAAAACGACGGCCAGT,CAGGAAACAGCTATGAC
"""apFAB63--BBa_J61100""",GTAAAACGACGGCCAGTGGTCTCTgtacTTGACAATTAATCATCCGGCTCGTAGATTTAACGTATAAAGCTCTAGAGAAAGAGGGGACAAACggtgTGAGACCCAGGAAACAGCTATGAC,120,54677.7244545496,66,GGTCTCTgtac,ggtgTGAGACC,GTAAAACGACGGCCAGT,CAGGAAACAGCTATGAC
"""apFAB323--apFAB872""",GTAAAACGACGGCCAGTGGTCTCTgtacTTGTATTTTAATCATCCGGCTCGTATAATGTGTGGAATCCAATCTTAATCTAGCCCGGGATAATTTggtgTGAGACCCAGGAAACAGCTATGAC,122,54842.6210025364,68,GGTCTCTgtac,ggtgTGAGACC,GTAAAACGACGGCCAGT,CAGGAAACAGCTATGAC
"""BBa_J23100--BBa_J61137""",GTAAAACGACGGCCAGTGGTCTCTgtacTTGACGGCTAGCTCAGTCCTAGGTACAGTGCTAGCTTAATTCTAGAGAAAGAGTAGATCAACggtgTGAGACCCAGGAAACAGCTATGAC,118,54991.3971938446,64,GGTCTCTgtac,ggtgTGAGACC,GTAAAACGACGGCCAGT,CAGGAAACAGCTATGAC
"""apFAB345--BBa_J61137""",GTAAAACGACGGCCAGTGGTCTCTgtacTTGACAATTAATCATCCGGCTCGTAGAGTATGTGGAGTATCTCTAGAGAAAGAGTAGATCAACggtgTGAGACCCAGGAAACAGCTATGAC,119,55490.3527851299,65,GGTCTCTgtac,ggtgTGAGACC,GTAAAACGACGGCCAGT,CAGGAAACAGCTATGAC
"""apFAB69--BBa_J61115""",GTAAAACGACGGCCAGTGGTCTCTgtacTTGACATCGCATCTTTTTGTACCATACTTACAGCCATTGTACTCTAGAGAAAGAAGGGATACACggtgTGAGACCCAGGAAACAGCTATGAC,120,57223.7291673711,66,GGTCTCTgtac,ggtgTGAGACC,GTAAAACGACGGCCAGT,CAGGAAACAGCTATGAC
"""BBa_J23104--salis-4-10""",GTAAAACGACGGCCAGTGGTCTCTgtacTTGACAGCTAGCTCAGTCCTAGGTATTGTGCTAGCTTACGAATCTCTTTTATCAAATATAAGCAGGATggtgTGAGACCCAGGAAACAGCTATGAC,124,58801.9362974069,70,GGTCTCTgtac,ggtgTGAGACC,GTAAAACGACGGCCAGT,CAGGAAACAGCTATGAC
"""apFAB75--apFAB845""",GTAAAACGACGGCCAGTGGTCTCTgtacTTGACATTTATCCCTTGCGGCGATATAATGTGTGGATAAGTGATCTTAATCTAGCCGGGGAGACTTTggtgTGAGACCCAGGAAACAGCTATGAC,123,59301.7388782892,69,GGTCTCTgtac,ggtgTGAGACC,GTAAAACGACGGCCAGT,CAGGAAACAGCTATGAC
"""apFAB78--apFAB831""",GTAAAACGACGGCCAGTGGTCTCTgtacTTGACATTTATCCCTTGCGGCGATAGATTTAACGTATGACGGATCTTAATCTAGCACAGGAGACTTTggtgTGAGACCCAGGAAACAGCTATGAC,123,60028.9417395892,69,GGTCTCTgtac,ggtgTGAGACC,GTAAAACGACGGCCAGT,CAGGAAACAGCTATGAC
"""BBa_J23118--apFAB889""",GTAAAACGACGGCCAGTGGTCTCTgtacTTGACGGCTAGCTCAGTCCTAGGTATTGTGCTAGCCGTCGATCTTAATCTAGCGGAGGAGGATTTggtgTGAGACCCAGGAAACAGCTATGAC,121,60876.1819119173,67,GGTCTCTgtac,ggtgTGAGACC,GTAAAACGACGGCCAGT,CAGGAAACAGCTATGAC
"""BBa_J23104--apFAB861""",GTAAAACGACGGCCAGTGGTCTCTgtacTTGACAGCTAGCTCAGTCCTAGGTATTGTGCTAGCTTACGATCTTAATCTAGCGCGGGAGGGTTTggtgTGAGACCCAGGAAACAGCTATGAC,121,62182.8878984043,67,GGTCTCTgtac,ggtgTGAGACC,GTAAAACGACGGCCAGT,CAGGAAACAGCTATGAC
"""apFAB69--apFAB857""",GTAAAACGACGGCCAGTGGTCTCTgtacTTGACATCGCATCTTTTTGTACCATACTTACAGCCATTGTACATCTTAATCTAGCTGAGGAAAGTTTggtgTGAGACCCAGGAAACAGCTATGAC,123,65697.4954107247,69,GGTCTCTgtac,ggtgTGAGACC,GTAAAACGACGGCCAGT,CAGGAAACAGCTATGAC
"""apFAB125--apFAB861""",GTAAAACGACGGCCAGTGGTCTCTgtacTCGACATTTATCCCTTGCGGCGATATAATGTGTGGATAATCCATCTTAATCTAGCGCGGGAGGGTTTggtgTGAGACCCAGGAAACAGCTATGAC,123,66359.8266515735,69,GGTCTCTgtac,ggtgTGAGACC,GTAAAACGACGGCCAGT,CAGGAAACAGCTATGAC
"""apFAB57--apFAB917""",GTAAAACGACGGCCAGTGGTCTCTgtacTTGACATAAAGTCTAACCTATAGGCATAATTATTTCATCCGACATCTTAATCTAGCGGAGGAGACTTTggtgTGAGACCCAGGAAACAGCTATGAC,124,66529.4820209594,70,GGTCTCTgtac,ggtgTGAGACC,GTAAAACGACGGCCAGT,CAGGAAACAGCTATGAC
"""apFAB318--BBa_J61122""",GTAAAACGACGGCCAGTGGTCTCTgtacTTGACTATTAATCATCCGGCTCGTATAATGTGTGGATACACTCTAGAGAAAGAGAGGAGCCACggtgTGAGACCCAGGAAACAGCTATGAC,119,66822.4223648652,65,GGTCTCTgtac,ggtgTGAGACC,GTAAAACGACGGCCAGT,CAGGAAACAGCTATGAC
"""BBa_J23119--apFAB918""",GTAAAACGACGGCCAGTGGTCTCTgtacTTGACAGCTAGCTCAGTCCTAGGTATAATGCTAGCACGAAATCTTAATCTAGCTAGGGAACGTTTggtgTGAGACCCAGGAAACAGCTATGAC,121,68069.065128721,67,GGTCTCTgtac,ggtgTGAGACC,GTAAAACGACGGCCAGT,CAGGAAACAGCTATGAC
"""apFAB62--BBa_J61112""",GTAAAACGACGGCCAGTGGTCTCTgtacTTGACAATTAATCATCCGGCTCGCATAATTATTTCATTTCAGTCTAGAGAAAGAGGTGACATACggtgTGAGACCCAGGAAACAGCTATGAC,120,69367.1412916029,66,GGTCTCTgtac,ggtgTGAGACC,GTAAAACGACGGCCAGT,CAGGAAACAGCTATGAC
"""apFAB61--BBa_J61125""",GTAAAACGACGGCCAGTGGTCTCTgtacTTGACAATTAATCATCCGGCTCGTATAATAGATTCATTAGAGTCTAGAGAAAGAGCCGAGTTACggtgTGAGACCCAGGAAACAGCTATGAC,120,69645.4331217507,66,GGTCTCTgtac,ggtgTGAGACC,GTAAAACGACGGCCAGT,CAGGAAACAGCTATGAC
"""apFAB69--apFAB863""",GTAAAACGACGGCCAGTGGTCTCTgtacTTGACATCGCATCTTTTTGTACCATACTTACAGCCATTGTACATCTTAATCTAGCGGGGGAGCGTTTggtgTGAGACCCAGGAAACAGCTATGAC,123,72651.5885636309,69,GGTCTCTgtac,ggtgTGAGACC,GTAAAACGACGGCCAGT,CAGGAAACAGCTATGAC
"""apFAB318--apFAB854""",GTAAAACGACGGCCAGTGGTCTCTgtacTTGACTATTAATCATCCGGCTCGTATAATGTGTGGATACACATCTTAATCTAGCTAGGGAGCATTTggtgTGAGACCCAGGAAACAGCTATGAC,122,74871.9163253616,68,GGTCTCTgtac,ggtgTGAGACC,GTAAAACGACGGCCAGT,CAGGAAACAGCTATGAC
"""BBa_J23107--apFAB837""",GTAAAACGACGGCCAGTGGTCTCTgtacTTTACGGCTAGCTCAGCCCTAGGTATTATGCTAGCATGGAATCTTAATCTAGCAGGGGATATTTTggtgTGAGACCCAGGAAACAGCTATGAC,121,76410.743581942,67,GGTCTCTgtac,ggtgTGAGACC,GTAAAACGACGGCCAGT,CAGGAAACAGCTATGAC
"""apFAB321--apFAB954""",GTAAAACGACGGCCAGTGGTCTCTgtacTTGACAATTAATCATCCGGCTCGTAACTTATGTGGACTCGGATCTTAATCTAGCTCAGGACAATTTggtgTGAGACCCAGGAAACAGCTATGAC,122,76425.4950551663,68,GGTCTCTgtac,ggtgTGAGACC,GTAAAACGACGGCCAGT,CAGGAAACAGCTATGAC
"""apFAB317--apFAB851""",GTAAAACGACGGCCAGTGGTCTCTgtacTTGATATTTAATCATCCGGCTCGTATAATGTGTGGAGCACCATCTTAATCTAGCGGAGGATCGTTTggtgTGAGACCCAGGAAACAGCTATGAC,122,77623.2681230392,68,GGTCTCTgtac,ggtgTGAGACC,GTAAAACGACGGCCAGT,CAGGAAACAGCTATGAC
"""apFAB339--apFAB865""",GTAAAACGACGGCCAGTGGTCTCTgtacTTGACAATTAATCATCCGGCTCGTAATTTATGTGGATAGGAATCTTAATCTAGCGCGGGAGTATTTggtgTGAGACCCAGGAAACAGCTATGAC,122,78093.0656960104,68,GGTCTCTgtac,ggtgTGAGACC,GTAAAACGACGGCCAGT,CAGGAAACAGCTATGAC
"""BBa_J23107--JBEI_RBS""",GTAAAACGACGGCCAGTGGTCTCTgtacTTTACGGCTAGCTCAGCCCTAGGTATTATGCTAGCATGGAAAAGATCTTTTAAGAAGGAGATATAggtgTGAGACCCAGGAAACAGCTATGAC,121,78934.6021746787,67,GGTCTCTgtac,ggtgTGAGACC,GTAAAACGACGGCCAGT,CAGGAAACAGCTATGAC
"""apFAB68--apFAB890""",GTAAAACGACGGCCAGTGGTCTCTgtacTTGACATCAGGAAAATTTTTCTGTAGATTTAACGTATAGGTAATCTTAATCTAGCCCGGGATCTTTTggtgTGAGACCCAGGAAACAGCTATGAC,123,79364.0389443623,69,GGTCTCTgtac,ggtgTGAGACC,GTAAAACGACGGCCAGT,CAGGAAACAGCTATGAC
"""apFAB115--apFAB857""",GTAAAACGACGGCCAGTGGTCTCTgtacTCGACATCAGGAAAATTTTTCTGTATAATGTGTGGATCTACAATCTTAATCTAGCTGAGGAAAGTTTggtgTGAGACCCAGGAAACAGCTATGAC,123,79525.0012819814,69,GGTCTCTgtac,ggtgTGAGACC,GTAAAACGACGGCCAGT,CAGGAAACAGCTATGAC
"""apFAB70--BBa_J61127""",GTAAAACGACGGCCAGTGGTCTCTgtacTTGACATCGCATCTTTTTGTACCTATAATGTGTGGATAGAGTTCTAGAGAAAGAGTGGAACTACggtgTGAGACCCAGGAAACAGCTATGAC,120,80517.4161996736,66,GGTCTCTgtac,ggtgTGAGACC,GTAAAACGACGGCCAGT,CAGGAAACAGCTATGAC
"""apFAB68--apFAB844""",GTAAAACGACGGCCAGTGGTCTCTgtacTTGACATCAGGAAAATTTTTCTGTAGATTTAACGTATAGGTAATCTTAATCTAGCAGGGGACACTTTggtgTGAGACCCAGGAAACAGCTATGAC,123,82525.1915753724,69,GGTCTCTgtac,ggtgTGAGACC,GTAAAACGACGGCCAGT,CAGGAAACAGCTATGAC
"""apFAB338--apFAB833""",GTAAAACGACGGCCAGTGGTCTCTgtacTTGACAATTAATCATCCGGCTCCTAGGATGTGTGGAGGGACATCTTAATCTAGCTGGGGAGATTTTggtgTGAGACCCAGGAAACAGCTATGAC,122,86769.4473378199,68,GGTCTCTgtac,ggtgTGAGACC,GTAAAACGACGGCCAGT,CAGGAAACAGCTATGAC
"""apFAB302--apFAB834""",GTAAAACGACGGCCAGTGGTCTCTgtacTTCCCTTTTAATCATCCGGCTCGTATAATGTGTGGAGACTTATCTTAATCTAGCGGGGGAGAATTTggtgTGAGACCCAGGAAACAGCTATGAC,122,86950.4854857195,68,GGTCTCTgtac,ggtgTGAGACC,GTAAAACGACGGCCAGT,CAGGAAACAGCTATGAC
"""apFAB306--apFAB917""",GTAAAACGACGGCCAGTGGTCTCTgtacTTGACAATTAATCATCCGGCTCGTAGTGTTTGTGGATGTTGATCTTAATCTAGCGGAGGAGACTTTggtgTGAGACCCAGGAAACAGCTATGAC,122,87143.3668696829,68,GGTCTCTgtac,ggtgTGAGACC,GTAAAACGACGGCCAGT,CAGGAAACAGCTATGAC
"""BBa_J23100--BBa_J61113""",GTAAAACGACGGCCAGTGGTCTCTgtacTTGACGGCTAGCTCAGTCCTAGGTACAGTGCTAGCTTAATTCTAGAGAAAGAGTGGAAAAACggtgTGAGACCCAGGAAACAGCTATGAC,118,87563.0051914519,64,GGTCTCTgtac,ggtgTGAGACC,GTAAAACGACGGCCAGT,CAGGAAACAGCTATGAC
"""apFAB115--apFAB863""",GTAAAACGACGGCCAGTGGTCTCTgtacTCGACATCAGGAAAATTTTTCTGTATAATGTGTGGATCTACAATCTTAATCTAGCGGGGGAGCGTTTggtgTGAGACCCAGGAAACAGCTATGAC,123,87832.793499299,69,GGTCTCTgtac,ggtgTGAGACC,GTAAAACGACGGCCAGT,CAGGAAACAGCTATGAC
"""BBa_J23119--apFAB910""",GTAAAACGACGGCCAGTGGTCTCTgtacTTGACAGCTAGCTCAGTCCTAGGTATAATGCTAGCACGAAATCTTAATCTAGCAAAGGACACTTTggtgTGAGACCCAGGAAACAGCTATGAC,121,90004.0754388789,67,GGTCTCTgtac,ggtgTGAGACC,GTAAAACGACGGCCAGT,CAGGAAACAGCTATGAC
"""apFAB66--apFAB820""",GTAAAACGACGGCCAGTGGTCTCTgtacTTGACATCAGGAAAATTTTTCTGTATAATAGATTCATCTCAAATCTTAATCTAGCTGCGGAGGGTTTggtgTGAGACCCAGGAAACAGCTATGAC,123,93220.94798435,69,GGTCTCTgtac,ggtgTGAGACC,GTAAAACGACGGCCAGT,CAGGAAACAGCTATGAC
"""apFAB302--apFAB889""",GTAAAACGACGGCCAGTGGTCTCTgtacTTCCCTTTTAATCATCCGGCTCGTATAATGTGTGGAGACTTATCTTAATCTAGCGGAGGAGGATTTggtgTGAGACCCAGGAAACAGCTATGAC,122,95916.2060855821,68,GGTCTCTgtac,ggtgTGAGACC,GTAAAACGACGGCCAGT,CAGGAAACAGCTATGAC
"""apFAB65--BBa_J61119""",GTAAAACGACGGCCAGTGGTCTCTgtacTTGACATCAGGAAAATTTTTCTGTATAATGTGTGGATTCGTATCTAGAGAAAGATTTGATATACggtgTGAGACCCAGGAAACAGCTATGAC,120,96482.3977630653,66,GGTCTCTgtac,ggtgTGAGACC,GTAAAACGACGGCCAGT,CAGGAAACAGCTATGAC
"""apFAB76--BBa_J61122""",GTAAAACGACGGCCAGTGGTCTCTgtacTTGACATTTATCCCTTGCGGCGATATAATAGATTCATTCCGGTCTAGAGAAAGAGAGGAGCCACggtgTGAGACCCAGGAAACAGCTATGAC,120,100291.803089543,66,GGTCTCTgtac,ggtgTGAGACC,GTAAAACGACGGCCAGT,CAGGAAACAGCTATGAC
"""apFAB347--apFAB901""",GTAAAACGACGGCCAGTGGTCTCTgtacTTGACAATTAATCATCCGGCTCTTAATATGTGTGGACGAGGATCTTAATCTAGCCCGGGAGTTTTTggtgTGAGACCCAGGAAACAGCTATGAC,122,101797.287368738,68,GGTCTCTgtac,ggtgTGAGACC,GTAAAACGACGGCCAGT,CAGGAAACAGCTATGAC
"""apFAB73--apFAB904""",GTAAAACGACGGCCAGTGGTCTCTgtacTTGACATCGCATCTTTTTGTACCTAGATTTAACGTATTCGGCATCTTAATCTAGCGGGGGATTTTTTggtgTGAGACCCAGGAAACAGCTATGAC,123,104138.410127757,69,GGTCTCTgtac,ggtgTGAGACC,GTAAAACGACGGCCAGT,CAGGAAACAGCTATGAC
"""apFAB72--apFAB912""",GTAAAACGACGGCCAGTGGTCTCTgtacTTGACATCGCATCTTTTTGTACCCATAATTATTTCATGCGTCATCTTAATCTAGCTAGGGAGTGTTTggtgTGAGACCCAGGAAACAGCTATGAC,123,105416.951502521,69,GGTCTCTgtac,ggtgTGAGACC,GTAAAACGACGGCCAGT,CAGGAAACAGCTATGAC
"""apFAB347--apFAB954""",GTAAAACGACGGCCAGTGGTCTCTgtacTTGACAATTAATCATCCGGCTCTTAATATGTGTGGACGAGGATCTTAATCTAGCTCAGGACAATTTggtgTGAGACCCAGGAAACAGCTATGAC,122,110223.315425616,68,GGTCTCTgtac,ggtgTGAGACC,GTAAAACGACGGCCAGT,CAGGAAACAGCTATGAC
"""apFAB318--BBa_J61129""",GTAAAACGACGGCCAGTGGTCTCTgtacTTGACTATTAATCATCCGGCTCGTATAATGTGTGGATACACTCTAGAGAAAGATTGGACGTACggtgTGAGACCCAGGAAACAGCTATGAC,119,111604.915402768,65,GGTCTCTgtac,ggtgTGAGACC,GTAAAACGACGGCCAGT,CAGGAAACAGCTATGAC
"""apFAB346--apFAB842""",GTAAAACGACGGCCAGTGGTCTCTgtacTTGACAATTAATCATCCGGCTCGTAATGTTTGTGGATAGCTATCTTAATCTAGCAGGGGAGGGTTTggtgTGAGACCCAGGAAACAGCTATGAC,122,111621.484484918,68,GGTCTCTgtac,ggtgTGAGACC,GTAAAACGACGGCCAGT,CAGGAAACAGCTATGAC
"""apFAB347--apFAB863""",GTAAAACGACGGCCAGTGGTCTCTgtacTTGACAATTAATCATCCGGCTCTTAATATGTGTGGACGAGGATCTTAATCTAGCGGGGGAGCGTTTggtgTGAGACCCAGGAAACAGCTATGAC,122,114228.375781773,68,GGTCTCTgtac,ggtgTGAGACC,GTAAAACGACGGCCAGT,CAGGAAACAGCTATGAC
"""apFAB115--apFAB834""",GTAAAACGACGGCCAGTGGTCTCTgtacTCGACATCAGGAAAATTTTTCTGTATAATGTGTGGATCTACAATCTTAATCTAGCGGGGGAGAATTTggtgTGAGACCCAGGAAACAGCTATGAC,123,115553.762885368,69,GGTCTCTgtac,ggtgTGAGACC,GTAAAACGACGGCCAGT,CAGGAAACAGCTATGAC
"""apFAB347--BBa_J61112""",GTAAAACGACGGCCAGTGGTCTCTgtacTTGACAATTAATCATCCGGCTCTTAATATGTGTGGACGAGGTCTAGAGAAAGAGGTGACATACggtgTGAGACCCAGGAAACAGCTATGAC,119,123817.609859563,65,GGTCTCTgtac,ggtgTGAGACC,GTAAAACGACGGCCAGT,CAGGAAACAGCTATGAC
"""apFAB61--apFAB860""",GTAAAACGACGGCCAGTGGTCTCTgtacTTGACAATTAATCATCCGGCTCGTATAATAGATTCATTAGAGATCTTAATCTAGCCGTGGAGGGTTTggtgTGAGACCCAGGAAACAGCTATGAC,123,123835.98436946,69,GGTCTCTgtac,ggtgTGAGACC,GTAAAACGACGGCCAGT,CAGGAAACAGCTATGAC
"""apFAB125--apFAB851""",GTAAAACGACGGCCAGTGGTCTCTgtacTCGACATTTATCCCTTGCGGCGATATAATGTGTGGATAATCCATCTTAATCTAGCGGAGGATCGTTTggtgTGAGACCCAGGAAACAGCTATGAC,123,124141.220717641,69,GGTCTCTgtac,ggtgTGAGACC,GTAAAACGACGGCCAGT,CAGGAAACAGCTATGAC
"""BBa_J23119--apFAB954""",GTAAAACGACGGCCAGTGGTCTCTgtacTTGACAGCTAGCTCAGTCCTAGGTATAATGCTAGCACGAAATCTTAATCTAGCTCAGGACAATTTggtgTGAGACCCAGGAAACAGCTATGAC,121,125327.265805308,67,GGTCTCTgtac,ggtgTGAGACC,GTAAAACGACGGCCAGT,CAGGAAACAGCTATGAC
"""apFAB68--apFAB837""",GTAAAACGACGGCCAGTGGTCTCTgtacTTGACATCAGGAAAATTTTTCTGTAGATTTAACGTATAGGTAATCTTAATCTAGCAGGGGATATTTTggtgTGAGACCCAGGAAACAGCTATGAC,123,127103.0,69,GGTCTCTgtac,ggtgTGAGACC,GTAAAACGACGGCCAGT,CAGGAAACAGCTATGAC
"""apFAB69--Alon_RBS""",GTAAAACGACGGCCAGTGGTCTCTgtacTTGACATCGCATCTTTTTGTACCATACTTACAGCCATTGTACCCTCTAGATTTAAGAAGGAGATATAggtgTGAGACCCAGGAAACAGCTATGAC,123,127240.30341344,69,GGTCTCTgtac,ggtgTGAGACC,GTAAAACGACGGCCAGT,CAGGAAACAGCTATGAC
"""apFAB65--apFAB865""",GTAAAACGACGGCCAGTGGTCTCTgtacTTGACATCAGGAAAATTTTTCTGTATAATGTGTGGATTCGTAATCTTAATCTAGCGCGGGAGTATTTggtgTGAGACCCAGGAAACAGCTATGAC,123,127912.197582613,69,GGTCTCTgtac,ggtgTGAGACC,GTAAAACGACGGCCAGT,CAGGAAACAGCTATGAC
"""BBa_J23100--apFAB831""",GTAAAACGACGGCCAGTGGTCTCTgtacTTGACGGCTAGCTCAGTCCTAGGTACAGTGCTAGCTTAATATCTTAATCTAGCACAGGAGACTTTggtgTGAGACCCAGGAAACAGCTATGAC,121,128524.740122309,67,GGTCTCTgtac,ggtgTGAGACC,GTAAAACGACGGCCAGT,CAGGAAACAGCTATGAC
"""apFAB321--apFAB876""",GTAAAACGACGGCCAGTGGTCTCTgtacTTGACAATTAATCATCCGGCTCGTAACTTATGTGGACTCGGATCTTAATCTAGCTAGGGATATTTTggtgTGAGACCCAGGAAACAGCTATGAC,122,131447.655783944,68,GGTCTCTgtac,ggtgTGAGACC,GTAAAACGACGGCCAGT,CAGGAAACAGCTATGAC
"""BBa_J23119--apFAB861""",GTAAAACGACGGCCAGTGGTCTCTgtacTTGACAGCTAGCTCAGTCCTAGGTATAATGCTAGCACGAAATCTTAATCTAGCGCGGGAGGGTTTggtgTGAGACCCAGGAAACAGCTATGAC,121,131961.310157137,67,GGTCTCTgtac,ggtgTGAGACC,GTAAAACGACGGCCAGT,CAGGAAACAGCTATGAC
"""apFAB339--apFAB857""",GTAAAACGACGGCCAGTGGTCTCTgtacTTGACAATTAATCATCCGGCTCGTAATTTATGTGGATAGGAATCTTAATCTAGCTGAGGAAAGTTTggtgTGAGACCCAGGAAACAGCTATGAC,122,132641.093604191,68,GGTCTCTgtac,ggtgTGAGACC,GTAAAACGACGGCCAGT,CAGGAAACAGCTATGAC
"""apFAB66--apFAB856""",GTAAAACGACGGCCAGTGGTCTCTgtacTTGACATCAGGAAAATTTTTCTGTATAATAGATTCATCTCAAATCTTAATCTAGCGCCGGAGGTTTTggtgTGAGACCCAGGAAACAGCTATGAC,123,135240.734074131,69,GGTCTCTgtac,ggtgTGAGACC,GTAAAACGACGGCCAGT,CAGGAAACAGCTATGAC
"""apFAB341--apFAB842""",GTAAAACGACGGCCAGTGGTCTCTgtacTTGACAATTAATCATCCGGCTCGTAATATGTGTGGATGGTTATCTTAATCTAGCAGGGGAGGGTTTggtgTGAGACCCAGGAAACAGCTATGAC,122,135834.459487735,68,GGTCTCTgtac,ggtgTGAGACC,GTAAAACGACGGCCAGT,CAGGAAACAGCTATGAC
"""BBa_J23100--apFAB916""",GTAAAACGACGGCCAGTGGTCTCTgtacTTGACGGCTAGCTCAGTCCTAGGTACAGTGCTAGCTTAATATCTTAATCTAGCATTGGAGGGTTTggtgTGAGACCCAGGAAACAGCTATGAC,121,135854.075518914,67,GGTCTCTgtac,ggtgTGAGACC,GTAAAACGACGGCCAGT,CAGGAAACAGCTATGAC
"""apFAB56--BBa_J61115""",GTAAAACGACGGCCAGTGGTCTCTgtacTTGACATAAAGTCTAACCTATAGGTATAATAGATTCATAGTGATCTAGAGAAAGAAGGGATACACggtgTGAGACCCAGGAAACAGCTATGAC,121,136350.40752107,67,GGTCTCTgtac,ggtgTGAGACC,GTAAAACGACGGCCAGT,CAGGAAACAGCTATGAC
"""BBa_J23118--Invitrogen_RBS""",GTAAAACGACGGCCAGTGGTCTCTgtacTTGACGGCTAGCTCAGTCCTAGGTATTGTGCTAGCCGTCGAAAATTAAGAGGTATATAggtgTGAGACCCAGGAAACAGCTATGAC,114,138660.999056262,60,GGTCTCTgtac,ggtgTGAGACC,GTAAAACGACGGCCAGT,CAGGAAACAGCTATGAC
"""apFAB54--apFAB927""",GTAAAACGACGGCCAGTGGTCTCTgtacTTGACATAAAGTCTAACCTATAGGATACTTACAGCCATACAAGATCTTAATCTAGCTGGGGACTGTTTggtgTGAGACCCAGGAAACAGCTATGAC,124,141649.990509094,70,GGTCTCTgtac,ggtgTGAGACC,GTAAAACGACGGCCAGT,CAGGAAACAGCTATGAC
"""apFAB67--apFAB894""",GTAAAACGACGGCCAGTGGTCTCTgtacTTGACATCAGGAAAATTTTTCTGCATAATTATTTCATATCACATCTTAATCTAGCGCTGGAGGCTTTggtgTGAGACCCAGGAAACAGCTATGAC,123,143048.240509543,69,GGTCTCTgtac,ggtgTGAGACC,GTAAAACGACGGCCAGT,CAGGAAACAGCTATGAC
"""apFAB66--apFAB865""",GTAAAACGACGGCCAGTGGTCTCTgtacTTGACATCAGGAAAATTTTTCTGTATAATAGATTCATCTCAAATCTTAATCTAGCGCGGGAGTATTTggtgTGAGACCCAGGAAACAGCTATGAC,123,149234.152620008,69,GGTCTCTgtac,ggtgTGAGACC,GTAAAACGACGGCCAGT,CAGGAAACAGCTATGAC
"""apFAB347--BBa_J61111""",GTAAAACGACGGCCAGTGGTCTCTgtacTTGACAATTAATCATCCGGCTCTTAATATGTGTGGACGAGGTCTAGAGAAAGAGGCGATACACggtgTGAGACCCAGGAAACAGCTATGAC,119,151057.911514054,65,GGTCTCTgtac,ggtgTGAGACC,GTAAAACGACGGCCAGT,CAGGAAACAGCTATGAC
"""apFAB341--BBa_J61112""",GTAAAACGACGGCCAGTGGTCTCTgtacTTGACAATTAATCATCCGGCTCGTAATATGTGTGGATGGTTTCTAGAGAAAGAGGTGACATACggtgTGAGACCCAGGAAACAGCTATGAC,119,152657.905362461,65,GGTCTCTgtac,ggtgTGAGACC,GTAAAACGACGGCCAGT,CAGGAAACAGCTATGAC
"""J23101--Alon_RBS""",GTAAAACGACGGCCAGTGGTCTCTgtacTTTACAGCTAGCTCAGTCCTAGGTATTATGCTAGCCAGTTCCTCTAGATTTAAGAAGGAGATATAggtgTGAGACCCAGGAAACAGCTATGAC,121,154541.302381342,67,GGTCTCTgtac,ggtgTGAGACC,GTAAAACGACGGCCAGT,CAGGAAACAGCTATGAC
"""apFAB77--B0030_RBS""",GTAAAACGACGGCCAGTGGTCTCTgtacTTGACATTTATCCCTTGCGGCGACATAATTATTTCATTTTGGATTAAAGAGGAGAAATTAggtgTGAGACCCAGGAAACAGCTATGAC,116,157850.447310091,62,GGTCTCTgtac,ggtgTGAGACC,GTAAAACGACGGCCAGT,CAGGAAACAGCTATGAC
"""apFAB61--GSG_RBS""",GTAAAACGACGGCCAGTGGTCTCTgtacTTGACAATTAATCATCCGGCTCGTATAATAGATTCATTAGAGTAAGGAGGTGACggtgTGAGACCCAGGAAACAGCTATGAC,110,159149.007130104,56,GGTCTCTgtac,ggtgTGAGACC,GTAAAACGACGGCCAGT,CAGGAAACAGCTATGAC
"""BBa_J23119--apFAB909""",GTAAAACGACGGCCAGTGGTCTCTgtacTTGACAGCTAGCTCAGTCCTAGGTATAATGCTAGCACGAAATCTTAATCTAGCGAAGGATAGTTTggtgTGAGACCCAGGAAACAGCTATGAC,121,160057.802915288,67,GGTCTCTgtac,ggtgTGAGACC,GTAAAACGACGGCCAGT,CAGGAAACAGCTATGAC
"""apFAB56--apFAB910""",GTAAAACGACGGCCAGTGGTCTCTgtacTTGACATAAAGTCTAACCTATAGGTATAATAGATTCATAGTGAATCTTAATCTAGCAAAGGACACTTTggtgTGAGACCCAGGAAACAGCTATGAC,124,160460.159917627,70,GGTCTCTgtac,ggtgTGAGACC,GTAAAACGACGGCCAGT,CAGGAAACAGCTATGAC
"""apFAB323--apFAB832""",GTAAAACGACGGCCAGTGGTCTCTgtacTTGTATTTTAATCATCCGGCTCGTATAATGTGTGGAATCCAATCTTAATCTAGCTGGGGAGGCTTTggtgTGAGACCCAGGAAACAGCTATGAC,122,161411.173388784,68,GGTCTCTgtac,ggtgTGAGACC,GTAAAACGACGGCCAGT,CAGGAAACAGCTATGAC
"""apFAB54--Anderson_RBS""",GTAAAACGACGGCCAGTGGTCTCTgtacTTGACATAAAGTCTAACCTATAGGATACTTACAGCCATACAAGTCTAGAGAAAGAGGGGACAAACTggtgTGAGACCCAGGAAACAGCTATGAC,122,162387.166785001,68,GGTCTCTgtac,ggtgTGAGACC,GTAAAACGACGGCCAGT,CAGGAAACAGCTATGAC
"""apFAB78--B0034_RBS""",GTAAAACGACGGCCAGTGGTCTCTgtacTTGACATTTATCCCTTGCGGCGATAGATTTAACGTATGACGGAAAGAGGAGAAATTAggtgTGAGACCCAGGAAACAGCTATGAC,113,164668.471697588,59,GGTCTCTgtac,ggtgTGAGACC,GTAAAACGACGGCCAGT,CAGGAAACAGCTATGAC
"""BBa_J23104--salis-2-3""",GTAAAACGACGGCCAGTGGTCTCTgtacTTGACAGCTAGCTCAGTCCTAGGTATTGTGCTAGCTTACGAATCTCATATATCAAATATAAGGCGGATggtgTGAGACCCAGGAAACAGCTATGAC,124,165697.618497349,70,GGTCTCTgtac,ggtgTGAGACC,GTAAAACGACGGCCAGT,CAGGAAACAGCTATGAC
"""apFAB71--apFAB889""",GTAAAACGACGGCCAGTGGTCTCTgtacTTGACATCGCATCTTTTTGTACCTATAATAGATTCATGATGAATCTTAATCTAGCGGAGGAGGATTTggtgTGAGACCCAGGAAACAGCTATGAC,123,166310.09183862,69,GGTCTCTgtac,ggtgTGAGACC,GTAAAACGACGGCCAGT,CAGGAAACAGCTATGAC
"""apFAB71--BBa_J61127""",GTAAAACGACGGCCAGTGGTCTCTgtacTTGACATCGCATCTTTTTGTACCTATAATAGATTCATGATGATCTAGAGAAAGAGTGGAACTACggtgTGAGACCCAGGAAACAGCTATGAC,120,166424.638488835,66,GGTCTCTgtac,ggtgTGAGACC,GTAAAACGACGGCCAGT,CAGGAAACAGCTATGAC
"""apFAB100--GSG_RBS""",GTAAAACGACGGCCAGTGGTCTCTgtacAAAAAATTTATTTGCTTTTTATCCCTTGCGGCGATATAATGTGTGGATAGAACTAAGGAGGTGACggtgTGAGACCCAGGAAACAGCTATGAC,121,169322.473572641,67,GGTCTCTgtac,ggtgTGAGACC,GTAAAACGACGGCCAGT,CAGGAAACAGCTATGAC
"""apFAB341--apFAB916""",GTAAAACGACGGCCAGTGGTCTCTgtacTTGACAATTAATCATCCGGCTCGTAATATGTGTGGATGGTTATCTTAATCTAGCATTGGAGGGTTTggtgTGAGACCCAGGAAACAGCTATGAC,122,173325.312175588,68,GGTCTCTgtac,ggtgTGAGACC,GTAAAACGACGGCCAGT,CAGGAAACAGCTATGAC
"""apFAB77--apFAB832""",GTAAAACGACGGCCAGTGGTCTCTgtacTTGACATTTATCCCTTGCGGCGACATAATTATTTCATTTTGGATCTTAATCTAGCTGGGGAGGCTTTggtgTGAGACCCAGGAAACAGCTATGAC,123,173994.777160399,69,GGTCTCTgtac,ggtgTGAGACC,GTAAAACGACGGCCAGT,CAGGAAACAGCTATGAC
"""apFAB65--BBa_J61113""",GTAAAACGACGGCCAGTGGTCTCTgtacTTGACATCAGGAAAATTTTTCTGTATAATGTGTGGATTCGTATCTAGAGAAAGAGTGGAAAAACggtgTGAGACCCAGGAAACAGCTATGAC,120,178128.414304283,66,GGTCTCTgtac,ggtgTGAGACC,GTAAAACGACGGCCAGT,CAGGAAACAGCTATGAC
"""BBa_J23100--salis-1-10""",GTAAAACGACGGCCAGTGGTCTCTgtacTTGACGGCTAGCTCAGTCCTAGGTACAGTGCTAGCTTAATAATCTCATAGATCAAATATAGGGGGGATggtgTGAGACCCAGGAAACAGCTATGAC,124,178564.107811496,70,GGTCTCTgtac,ggtgTGAGACC,GTAAAACGACGGCCAGT,CAGGAAACAGCTATGAC
"""apFAB318--apFAB876""",GTAAAACGACGGCCAGTGGTCTCTgtacTTGACTATTAATCATCCGGCTCGTATAATGTGTGGATACACATCTTAATCTAGCTAGGGATATTTTggtgTGAGACCCAGGAAACAGCTATGAC,122,179047.788346054,68,GGTCTCTgtac,ggtgTGAGACC,GTAAAACGACGGCCAGT,CAGGAAACAGCTATGAC
"""apFAB55--Plotkin_RBS""",GTAAAACGACGGCCAGTGGTCTCTgtacTTGACATAAAGTCTAACCTATAGGTATAATGTGTGGATCTGGCTGGATCCAAGAAGGAGATATAggtgTGAGACCCAGGAAACAGCTATGAC,120,179207.885089967,66,GGTCTCTgtac,ggtgTGAGACC,GTAAAACGACGGCCAGT,CAGGAAACAGCTATGAC
"""apFAB54--BBa_J61100""",GTAAAACGACGGCCAGTGGTCTCTgtacTTGACATAAAGTCTAACCTATAGGATACTTACAGCCATACAAGTCTAGAGAAAGAGGGGACAAACggtgTGAGACCCAGGAAACAGCTATGAC,121,180637.972934029,67,GGTCTCTgtac,ggtgTGAGACC,GTAAAACGACGGCCAGT,CAGGAAACAGCTATGAC
"""apFAB76--apFAB912""",GTAAAACGACGGCCAGTGGTCTCTgtacTTGACATTTATCCCTTGCGGCGATATAATAGATTCATTCCGGATCTTAATCTAGCTAGGGAGTGTTTggtgTGAGACCCAGGAAACAGCTATGAC,123,181763.422695993,69,GGTCTCTgtac,ggtgTGAGACC,GTAAAACGACGGCCAGT,CAGGAAACAGCTATGAC
"""apFAB323--Bujard_RBS""",GTAAAACGACGGCCAGTGGTCTCTgtacTTGTATTTTAATCATCCGGCTCGTATAATGTGTGGAATCCAGAATTCATTAAAGAGGAGAAAGGTggtgTGAGACCCAGGAAACAGCTATGAC,121,182284.783609919,67,GGTCTCTgtac,ggtgTGAGACC,GTAAAACGACGGCCAGT,CAGGAAACAGCTATGAC
"""apFAB318--apFAB848""",GTAAAACGACGGCCAGTGGTCTCTgtacTTGACTATTAATCATCCGGCTCGTATAATGTGTGGATACACATCTTAATCTAGCATAGGAGGTTTTggtgTGAGACCCAGGAAACAGCTATGAC,122,183798.106071236,68,GGTCTCTgtac,ggtgTGAGACC,GTAAAACGACGGCCAGT,CAGGAAACAGCTATGAC
"""apFAB68--apFAB892""",GTAAAACGACGGCCAGTGGTCTCTgtacTTGACATCAGGAAAATTTTTCTGTAGATTTAACGTATAGGTAATCTTAATCTAGCCTGGGAGTGTTTggtgTGAGACCCAGGAAACAGCTATGAC,123,184131.455215758,69,GGTCTCTgtac,ggtgTGAGACC,GTAAAACGACGGCCAGT,CAGGAAACAGCTATGAC
"""apFAB76--apFAB889""",GTAAAACGACGGCCAGTGGTCTCTgtacTTGACATTTATCCCTTGCGGCGATATAATAGATTCATTCCGGATCTTAATCTAGCGGAGGAGGATTTggtgTGAGACCCAGGAAACAGCTATGAC,123,184192.608901194,69,GGTCTCTgtac,ggtgTGAGACC,GTAAAACGACGGCCAGT,CAGGAAACAGCTATGAC
"""BBa_J23100--salis-1-21""",GTAAAACGACGGCCAGTGGTCTCTgtacTTGACGGCTAGCTCAGTCCTAGGTACAGTGCTAGCTTAATAATCTCATATATCAAATATAGGGTGGATggtgTGAGACCCAGGAAACAGCTATGAC,124,187916.833273279,70,GGTCTCTgtac,ggtgTGAGACC,GTAAAACGACGGCCAGT,CAGGAAACAGCTATGAC
"""apFAB61--BBa_J61112""",GTAAAACGACGGCCAGTGGTCTCTgtacTTGACAATTAATCATCCGGCTCGTATAATAGATTCATTAGAGTCTAGAGAAAGAGGTGACATACggtgTGAGACCCAGGAAACAGCTATGAC,120,188393.420015446,66,GGTCTCTgtac,ggtgTGAGACC,GTAAAACGACGGCCAGT,CAGGAAACAGCTATGAC
"""apFAB62--apFAB923""",GTAAAACGACGGCCAGTGGTCTCTgtacTTGACAATTAATCATCCGGCTCGCATAATTATTTCATTTCAGATCTTAATCTAGCGTGGGAGAGTTTggtgTGAGACCCAGGAAACAGCTATGAC,123,189462.707280943,69,GGTCTCTgtac,ggtgTGAGACC,GTAAAACGACGGCCAGT,CAGGAAACAGCTATGAC
"""apFAB56--apFAB820""",GTAAAACGACGGCCAGTGGTCTCTgtacTTGACATAAAGTCTAACCTATAGGTATAATAGATTCATAGTGAATCTTAATCTAGCTGCGGAGGGTTTggtgTGAGACCCAGGAAACAGCTATGAC,124,190142.053403595,70,GGTCTCTgtac,ggtgTGAGACC,GTAAAACGACGGCCAGT,CAGGAAACAGCTATGAC
"""apFAB347--apFAB842""",GTAAAACGACGGCCAGTGGTCTCTgtacTTGACAATTAATCATCCGGCTCTTAATATGTGTGGACGAGGATCTTAATCTAGCAGGGGAGGGTTTggtgTGAGACCCAGGAAACAGCTATGAC,122,191149.298883379,68,GGTCTCTgtac,ggtgTGAGACC,GTAAAACGACGGCCAGT,CAGGAAACAGCTATGAC
"""apFAB339--Invitrogen_RBS""",GTAAAACGACGGCCAGTGGTCTCTgtacTTGACAATTAATCATCCGGCTCGTAATTTATGTGGATAGGAAAAATTAAGAGGTATATAggtgTGAGACCCAGGAAACAGCTATGAC,115,192233.043062631,61,GGTCTCTgtac,ggtgTGAGACC,GTAAAACGACGGCCAGT,CAGGAAACAGCTATGAC
"""apFAB77--apFAB884""",GTAAAACGACGGCCAGTGGTCTCTgtacTTGACATTTATCCCTTGCGGCGACATAATTATTTCATTTTGGATCTTAATCTAGCGAGGGTAGGTTTggtgTGAGACCCAGGAAACAGCTATGAC,123,194687.90940246,69,GGTCTCTgtac,ggtgTGAGACC,GTAAAACGACGGCCAGT,CAGGAAACAGCTATGAC
"""BBa_J23119--BBa_J61112""",GTAAAACGACGGCCAGTGGTCTCTgtacTTGACAGCTAGCTCAGTCCTAGGTATAATGCTAGCACGAATCTAGAGAAAGAGGTGACATACggtgTGAGACCCAGGAAACAGCTATGAC,118,195953.676607584,64,GGTCTCTgtac,ggtgTGAGACC,GTAAAACGACGGCCAGT,CAGGAAACAGCTATGAC
"""apFAB318--apFAB831""",GTAAAACGACGGCCAGTGGTCTCTgtacTTGACTATTAATCATCCGGCTCGTATAATGTGTGGATACACATCTTAATCTAGCACAGGAGACTTTggtgTGAGACCCAGGAAACAGCTATGAC,122,196572.077621645,68,GGTCTCTgtac,ggtgTGAGACC,GTAAAACGACGGCCAGT,CAGGAAACAGCTATGAC
"""apFAB55--B0034_RBS""",GTAAAACGACGGCCAGTGGTCTCTgtacTTGACATAAAGTCTAACCTATAGGTATAATGTGTGGATCTGGCAAAGAGGAGAAATTAggtgTGAGACCCAGGAAACAGCTATGAC,114,200294.614080477,60,GGTCTCTgtac,ggtgTGAGACC,GTAAAACGACGGCCAGT,CAGGAAACAGCTATGAC
"""apFAB54--apFAB892""",GTAAAACGACGGCCAGTGGTCTCTgtacTTGACATAAAGTCTAACCTATAGGATACTTACAGCCATACAAGATCTTAATCTAGCCTGGGAGTGTTTggtgTGAGACCCAGGAAACAGCTATGAC,124,201867.487460313,70,GGTCTCTgtac,ggtgTGAGACC,GTAAAACGACGGCCAGT,CAGGAAACAGCTATGAC
"""apFAB71--BBa_J61111""",GTAAAACGACGGCCAGTGGTCTCTgtacTTGACATCGCATCTTTTTGTACCTATAATAGATTCATGATGATCTAGAGAAAGAGGCGATACACggtgTGAGACCCAGGAAACAGCTATGAC,120,203023.465232849,66,GGTCTCTgtac,ggtgTGAGACC,GTAAAACGACGGCCAGT,CAGGAAACAGCTATGAC
"""apFAB61--apFAB833""",GTAAAACGACGGCCAGTGGTCTCTgtacTTGACAATTAATCATCCGGCTCGTATAATAGATTCATTAGAGATCTTAATCTAGCTGGGGAGATTTTggtgTGAGACCCAGGAAACAGCTATGAC,123,203266.195175507,69,GGTCTCTgtac,ggtgTGAGACC,GTAAAACGACGGCCAGT,CAGGAAACAGCTATGAC
"""apFAB341--Anderson_RBS""",GTAAAACGACGGCCAGTGGTCTCTgtacTTGACAATTAATCATCCGGCTCGTAATATGTGTGGATGGTTTCTAGAGAAAGAGGGGACAAACTggtgTGAGACCCAGGAAACAGCTATGAC,120,203482.770919269,66,GGTCTCTgtac,ggtgTGAGACC,GTAAAACGACGGCCAGT,CAGGAAACAGCTATGAC
"""apFAB77--apFAB834""",GTAAAACGACGGCCAGTGGTCTCTgtacTTGACATTTATCCCTTGCGGCGACATAATTATTTCATTTTGGATCTTAATCTAGCGGGGGAGAATTTggtgTGAGACCCAGGAAACAGCTATGAC,123,203713.467753485,69,GGTCTCTgtac,ggtgTGAGACC,GTAAAACGACGGCCAGT,CAGGAAACAGCTATGAC
"""BBa_J23102--B0034_RBS""",GTAAAACGACGGCCAGTGGTCTCTgtacTTGACAGCTAGCTCAGTCCTAGGTACTGTGCTAGCAACCTAAAGAGGAGAAATTAggtgTGAGACCCAGGAAACAGCTATGAC,111,204245.476522557,57,GGTCTCTgtac,ggtgTGAGACC,GTAAAACGACGGCCAGT,CAGGAAACAGCTATGAC
"""apFAB54--BBa_J61137""",GTAAAACGACGGCCAGTGGTCTCTgtacTTGACATAAAGTCTAACCTATAGGATACTTACAGCCATACAAGTCTAGAGAAAGAGTAGATCAACggtgTGAGACCCAGGAAACAGCTATGAC,121,204292.713629157,67,GGTCTCTgtac,ggtgTGAGACC,GTAAAACGACGGCCAGT,CAGGAAACAGCTATGAC
"""apFAB318--apFAB863""",GTAAAACGACGGCCAGTGGTCTCTgtacTTGACTATTAATCATCCGGCTCGTATAATGTGTGGATACACATCTTAATCTAGCGGGGGAGCGTTTggtgTGAGACCCAGGAAACAGCTATGAC,122,204397.323303006,68,GGTCTCTgtac,ggtgTGAGACC,GTAAAACGACGGCCAGT,CAGGAAACAGCTATGAC
"""apFAB71--apFAB923""",GTAAAACGACGGCCAGTGGTCTCTgtacTTGACATCGCATCTTTTTGTACCTATAATAGATTCATGATGAATCTTAATCTAGCGTGGGAGAGTTTggtgTGAGACCCAGGAAACAGCTATGAC,123,205349.713464485,69,GGTCTCTgtac,ggtgTGAGACC,GTAAAACGACGGCCAGT,CAGGAAACAGCTATGAC
"""apFAB342--B0030_RBS""",GTAAAACGACGGCCAGTGGTCTCTgtacTTGACAATTAATCATCCGGCTCATAAAATTTGTGGAGGCGAATTAAAGAGGAGAAATTAggtgTGAGACCCAGGAAACAGCTATGAC,115,205451.002068629,61,GGTCTCTgtac,ggtgTGAGACC,GTAAAACGACGGCCAGT,CAGGAAACAGCTATGAC
"""BBa_J23119--apFAB833""",GTAAAACGACGGCCAGTGGTCTCTgtacTTGACAGCTAGCTCAGTCCTAGGTATAATGCTAGCACGAAATCTTAATCTAGCTGGGGAGATTTTggtgTGAGACCCAGGAAACAGCTATGAC,121,205494.006806581,67,GGTCTCTgtac,ggtgTGAGACC,GTAAAACGACGGCCAGT,CAGGAAACAGCTATGAC
"""apFAB65--Alon_RBS""",GTAAAACGACGGCCAGTGGTCTCTgtacTTGACATCAGGAAAATTTTTCTGTATAATGTGTGGATTCGTACCTCTAGATTTAAGAAGGAGATATAggtgTGAGACCCAGGAAACAGCTATGAC,123,205582.333524012,69,GGTCTCTgtac,ggtgTGAGACC,GTAAAACGACGGCCAGT,CAGGAAACAGCTATGAC
"""apFAB125--JBEI_RBS""",GTAAAACGACGGCCAGTGGTCTCTgtacTCGACATTTATCCCTTGCGGCGATATAATGTGTGGATAATCCAAAGATCTTTTAAGAAGGAGATATAggtgTGAGACCCAGGAAACAGCTATGAC,123,205719.317103717,69,GGTCTCTgtac,ggtgTGAGACC,GTAAAACGACGGCCAGT,CAGGAAACAGCTATGAC
"""apFAB66--apFAB889""",GTAAAACGACGGCCAGTGGTCTCTgtacTTGACATCAGGAAAATTTTTCTGTATAATAGATTCATCTCAAATCTTAATCTAGCGGAGGAGGATTTggtgTGAGACCCAGGAAACAGCTATGAC,123,205989.713795984,69,GGTCTCTgtac,ggtgTGAGACC,GTAAAACGACGGCCAGT,CAGGAAACAGCTATGAC
"""apFAB61--apFAB827""",GTAAAACGACGGCCAGTGGTCTCTgtacTTGACAATTAATCATCCGGCTCGTATAATAGATTCATTAGAGATCTTAATCTAGCAGGGGAGTCTTTggtgTGAGACCCAGGAAACAGCTATGAC,123,206095.547175218,69,GGTCTCTgtac,ggtgTGAGACC,GTAAAACGACGGCCAGT,CAGGAAACAGCTATGAC
